8.141666667E0,-1.290618295E0,4.746381133E-1,,
8.150000000E0,-1.279031992E0,4.630518104E-1,1.622082405E0,-1.622082405E0
8.158333333E0,-1.263583588E0,4.476034066E-1,2.085534521E0,-2.548986637E0
8.166666667E0,-1.244273083E0,4.205686998E-1,2.548986637E0,-3.244164810E0
8.175000000E0,-1.221100477E0,3.935339931E-1,3.012438753E0,-4.171069042E0
8.183333333E0,-1.194065771E0,3.510508824E-1,3.939342984E0,-5.097973274E0
8.191666667E0,-1.155444761E0,3.085677718E-1,7.183507795E0,-6.951781737E0
8.200000000E0,-1.074340641E0,2.351878535E-1,7.646959910E0,-6.720055679E0
8.208333333E0,-1.027995429E0,1.965668438E-1,7.183507795E0,-4.866247216E0
8.216666667E0,-9.546155107E-1,1.540837332E-1,1.019594655E1,-5.793151447E0
8.225000000E0,-8.580629866E-1,1.000143197E-1,1.019594655E1,-5.329699331E0
8.233333333E0,-7.846830683E-1,6.525541105E-2,1.135457684E1,-4.866247216E0
8.241666667E0,-6.688200393E-1,1.891019947E-2,1.251320713E1,-3.012438753E0
8.250000000E0,-5.761296162E-1,1.504809850E-2,1.135457684E1,-9.269042316E-1
8.258333333E0,-4.795770921E-1,3.461795609E-3,5.978532294E1,4.634521158E-1
8.266666667E0,4.202924327E-1,2.277230043E-2,6.140740534E1,1.853808463E0
8.275000000E0,5.438796636E-1,3.435860333E-2,1.251320713E1,1.622082405E0
8.283333333E0,6.288458848E-1,4.980700719E-2,1.228148107E1,2.085534521E0
8.291666667E0,7.485710147E-1,6.911751201E-2,1.204975501E1,3.244164810E0
8.300000000E0,8.296751350E-1,1.038764207E-1,7.646959910E0,3.707616926E0
8.308333333E0,8.760203466E-1,1.309111274E-1,6.720055679E0,3.707616926E0
8.316666667E0,9.416760630E-1,1.656700361E-1,8.110412026E0,3.939342984E0
8.325000000E0,1.011193880E0,1.965668438E-1,7.183507795E0,4.171069042E0
8.333333333E0,1.061401193E0,2.351878535E-1,6.720055679E0,5.561425389E0
8.341666667E0,1.123194808E0,2.892572670E-1,5.561425389E0,4.866247216E0
8.350000000E0,1.154091616E0,3.162919738E-1,4.171069042E0,3.939342984E0
8.358333333E0,1.192712626E0,3.549129834E-1,4.171069042E0,3.939342984E0
8.366666667E0,1.223609433E0,3.819476902E-1,2.548986637E0,2.548986637E0
8.375000000E0,1.235195736E0,3.973960940E-1,1.390356347E0,2.317260579E0
8.383333333E0,1.246782039E0,4.205686998E-1,1.158630289E0,2.085534521E0
8.391666667E0,1.254506241E0,4.321550027E-1,4.634521158E-1,6.951781737E-1
8.400000000E0,1.254506241E0,4.321550027E-1,-2.317260579E-1,-6.951781737E-1
8.408333333E0,1.250644140E0,4.205686998E-1,-6.951781737E-1,-1.390356347E0
8.416666667E0,1.242919938E0,4.089823969E-1,-9.269042316E-1,-1.622082405E0
8.425000000E0,1.235195736E0,3.935339931E-1,-1.622082405E0,-2.085534521E0
8.433333333E0,1.215885231E0,3.742234882E-1,-3.012438753E0,-3.244164810E0
8.441666667E0,1.184988424E0,3.394645795E-1,-5.097973274E0,-4.634521158E0
8.450000000E0,1.130919010E0,2.969814689E-1,-5.561425389E0,-4.866247216E0
8.458333333E0,1.092298001E0,2.583604593E-1,-5.561425389E0,-5.561425389E0
8.466666667E0,1.038228587E0,2.042910458E-1,-7.415233852E0,-6.256603563E0
8.475000000E0,9.687107697E-1,1.540837332E-1,-9.500768373E0,-5.329699331E0
8.483333333E0,8.798824475E-1,1.154627236E-1,-9.964220489E0,-3.939342984E0
8.491666667E0,8.026404282E-1,8.842801684E-2,-8.573864142E0,-3.012438753E0
8.500000000E0,7.369847118E-1,6.525541105E-2,-9.500768373E0,-3.244164810E0
8.508333333E0,6.442942887E-1,3.435860333E-2,-1.112285078E1,-3.012438753E0
8.516666667E0,5.516038655E-1,1.504809850E-2,-1.181802895E1,-1.390356347E0
8.525000000E0,4.473271395E-1,1.118599754E-2,-6.140740534E1,-4.634521158E-1
8.533333333E0,-4.718528901E-1,7.323896574E-3,-6.163913140E1,4.634521158E-1
8.541666667E0,-5.799917172E-1,1.891019947E-2,-1.019594655E1,9.269042316E-1
8.550000000E0,-6.417853326E-1,2.277230043E-2,-1.042767260E1,1.390356347E0
8.558333333E0,-7.537862606E-1,4.208280526E-2,-1.042767260E1,3.012438753E0
8.566666667E0,-8.155798760E-1,7.297961298E-2,-8.342138084E0,3.707616926E0
8.575000000E0,-8.928218953E-1,1.038764207E-1,-8.573864142E0,4.634521158E0
8.583333333E0,-9.584776117E-1,1.502216323E-1,-7.878685968E0,5.329699331E0
8.591666667E0,-1.024133328E0,1.927047429E-1,-6.256603563E0,4.634521158E0
8.600000000E0,-1.062754338E0,2.274636516E-1,-5.097973274E0,3.939342984E0
8.608333333E0,-1.109099549E0,2.583604593E-1,-5.561425389E0,4.402795100E0
8.616666667E0,-1.155444761E0,3.008435699E-1,-3.939342984E0,3.939342984E0
8.625000000E0,-1.174755266E0,3.240161757E-1,-2.548986637E0,2.780712695E0
8.633333333E0,-1.197927872E0,3.471887815E-1,-2.085534521E0,3.012438753E0
8.641666667E0,-1.209514174E0,3.742234882E-1,-1.158630289E0,2.317260579E0
8.650000000E0,-1.217238376E0,3.858097911E-1,-9.269042316E-1,1.158630289E0
8.658333333E0,-1.224962578E0,3.935339931E-1,-2.317260579E-1,-0.000000000E0
8.666666667E0,-1.221100477E0,3.858097911E-1,9.269042316E-1,-1.158630289E0
8.675000000E0,-1.209514174E0,3.742234882E-1,1.390356347E0,-1.853808463E0
8.683333333E0,-1.197927872E0,3.549129834E-1,2.085534521E0,-2.548986637E0
8.691666667E0,-1.174755266E0,3.317403776E-1,2.780712695E0,-2.780712695E0
8.700000000E0,-1.151582660E0,3.085677718E-1,3.244164810E0,-3.244164810E0
8.708333333E0,-1.120685852E0,2.776709641E-1,4.402795100E0,-4.402795100E0
8.716666667E0,-1.078202742E0,2.351878535E-1,6.256603563E0,-4.866247216E0
8.725000000E0,-1.016409126E0,1.965668438E-1,7.183507795E0,-5.097973274E0
8.733333333E0,-9.584776117E-1,1.502216323E-1,7.183507795E0,-5.097973274E0
8.741666667E0,-8.966839963E-1,1.116006226E-1,7.646959910E0,-4.171069042E0
8.750000000E0,-8.310282799E-1,8.070381491E-2,7.878685968E0,-3.707616926E0
8.758333333E0,-7.653725635E-1,4.980700719E-2,1.158630289E1,-4.171069042E0
8.766666667E0,-6.379232316E-1,1.118599754E-2,1.089112472E1,-2.317260579E0
8.775000000E0,-5.838538181E-1,1.118599754E-2,1.019594655E1,-4.634521158E-1
8.783333333E0,-4.679907892E-1,3.461795609E-3,6.094395322E1,6.951781737E-1
8.791666667E0,4.318787356E-1,2.277230043E-2,6.048050111E1,1.622082405E0
8.800000000E0,5.400175626E-1,3.049650236E-2,1.204975501E1,1.158630289E0
8.808333333E0,6.327079858E-1,4.208280526E-2,1.112285078E1,2.548986637E0
8.816666667E0,7.253984090E-1,7.297961298E-2,9.037316258E0,2.780712695E0
8.825000000E0,7.833299234E-1,8.842801684E-2,6.488329621E0,1.853808463E0
8.833333333E0,8.335372360E-1,1.038764207E-1,6.488329621E0,2.085534521E0
8.841666667E0,8.914687504E-1,1.231869255E-1,7.415233852E0,3.475890868E0
8.850000000E0,9.571244668E-1,1.618079352E-1,7.415233852E0,4.171069042E0
8.858333333E0,1.015055981E0,1.927047429E-1,5.793151447E0,3.939342984E0
8.866666667E0,1.053676991E0,2.274636516E-1,4.402795100E0,4.402795100E0
8.875000000E0,1.088435900E0,2.660846612E-1,4.402795100E0,4.171069042E0
8.883333333E0,1.127056909E0,2.969814689E-1,3.475890868E0,3.475890868E0
8.891666667E0,1.146367414E0,3.240161757E-1,2.317260579E0,2.317260579E0
8.900000000E0,1.165677919E0,3.356024786E-1,2.085534521E0,1.622082405E0
8.908333333E0,1.181126323E0,3.510508824E-1,1.158630289E0,1.158630289E0
8.916666667E0,1.184988424E0,3.549129834E-1,0.000000000E0,-0.000000000E0
8.925000000E0,1.181126323E0,3.510508824E-1,-6.951781737E-1,-6.951781737E-1
8.933333333E0,1.173402121E0,3.433266805E-1,-6.951781737E-1,-1.158630289E0
8.941666667E0,1.169540020E0,3.317403776E-1,-1.158630289E0,-1.622082405E0
8.950000000E0,1.154091616E0,3.162919738E-1,-2.085534521E0,-2.317260579E0
8.958333333E0,1.134781111E0,2.931193680E-1,-3.012438753E0,-3.707616926E0
8.966666667E0,1.103884304E0,2.544983583E-1,-4.402795100E0,-4.402795100E0
8.975000000E0,1.061401193E0,2.197394496E-1,-5.329699331E0,-4.402795100E0
8.983333333E0,1.015055981E0,1.811184400E-1,-6.720055679E0,-4.634521158E0
8.991666667E0,9.494002649E-1,1.424974303E-1,-8.342138084E0,-3.939342984E0
9.000000000E0,8.760203466E-1,1.154627236E-1,-8.573864142E0,-3.707616926E0
9.008333333E0,8.065025292E-1,8.070381491E-2,-7.415233852E0,-3.012438753E0
9.016666667E0,7.524331157E-1,6.525541105E-2,-7.415233852E0,-2.085534521E0
9.025000000E0,6.829152983E-1,4.594490622E-2,-1.112285078E1,-2.317260579E0
9.033333333E0,5.670522694E-1,2.663440140E-2,-1.135457684E1,-1.390356347E0
9.041666667E0,4.936723511E-1,2.277230043E-2,-9.269042316E0,-1.158630289E0
9.050000000E0,4.125682308E-1,7.323896574E-3,-6.140740534E1,-4.634521158E-1
9.058333333E0,-5.297844046E-1,1.504809850E-2,-6.187085746E1,4.634521158E-1
9.066666667E0,-6.186127268E-1,1.504809850E-2,-8.110412026E0,-2.317260579E-1
9.075000000E0,-6.649579384E-1,1.118599754E-2,-6.488329621E0,9.269042316E-1
9.083333333E0,-7.267515538E-1,3.049650236E-2,-8.110412026E0,3.707616926E0
9.091666667E0,-8.001314721E-1,7.297961298E-2,-8.110412026E0,3.939342984E0
9.100000000E0,-8.619250876E-1,9.615221876E-2,-7.183507795E0,3.244164810E0
9.108333333E0,-9.198566021E-1,1.270490265E-1,-6.488329621E0,3.707616926E0
9.116666667E0,-9.700639146E-1,1.579458342E-1,-5.793151447E0,3.707616926E0
9.125000000E0,-1.016409126E0,1.888426419E-1,-5.097973274E0,3.475890868E0
9.133333333E0,-1.055030136E0,2.158773487E-1,-3.939342984E0,3.244164810E0
9.141666667E0,-1.082064843E0,2.429120554E-1,-3.244164810E0,3.244164810E0
9.150000000E0,-1.109099549E0,2.699467622E-1,-3.475890868E0,3.012438753E0
9.158333333E0,-1.139996357E0,2.931193680E-1,-2.317260579E0,2.317260579E0
9.166666667E0,-1.147720559E0,3.085677718E-1,-6.951781737E-1,1.158630289E0
9.175000000E0,-1.151582660E0,3.124298728E-1,-2.317260579E-1,2.317260579E-1
9.183333333E0,-1.151582660E0,3.124298728E-1,4.634521158E-1,-4.634521158E-1
9.191666667E0,-1.143858458E0,3.047056709E-1,1.853808463E0,-1.158630289E0
9.200000000E0,-1.120685852E0,2.931193680E-1,1.853808463E0,-1.390356347E0
9.208333333E0,-1.112961650E0,2.815330651E-1,1.853808463E0,-2.085534521E0
9.216666667E0,-1.089789045E0,2.583604593E-1,3.012438753E0,-3.012438753E0
9.225000000E0,-1.062754338E0,2.313257525E-1,3.475890868E0,-3.012438753E0
9.233333333E0,-1.031857530E0,2.081531467E-1,5.329699331E0,-3.939342984E0
9.241666667E0,-9.739260156E-1,1.656700361E-1,6.256603563E0,-4.634521158E0
9.250000000E0,-9.275808040E-1,1.309111274E-1,6.024877505E0,-3.939342984E0
9.258333333E0,-8.735113905E-1,1.000143197E-1,7.646959910E0,-4.171069042E0
9.266666667E0,-8.001314721E-1,6.139331008E-2,8.573864142E0,-3.707616926E0
9.275000000E0,-7.306136548E-1,3.822070429E-2,8.573864142E0,-2.317260579E0
9.283333333E0,-6.572337364E-1,2.277230043E-2,9.732494431E0,-1.622082405E0
9.291666667E0,-5.684054143E-1,1.118599754E-2,9.269042316E0,-1.158630289E0
9.300000000E0,-5.027496979E-1,3.461795609E-3,9.732494431E0,2.317260579E-1
9.308333333E0,-4.061971737E-1,1.504809850E-2,6.163913140E1,1.158630289E0
9.316666667E0,5.245691588E-1,2.277230043E-2,5.700461024E1,9.269042316E-1
9.325000000E0,5.438796636E-1,3.049650236E-2,5.561425389E0,1.158630289E0
9.333333333E0,6.172595819E-1,4.208280526E-2,1.089112472E1,1.853808463E0
9.341666667E0,7.253984090E-1,6.139331008E-2,9.732494431E0,2.317260579E0
9.350000000E0,7.794678225E-1,8.070381491E-2,6.256603563E0,2.085534521E0
9.358333333E0,8.296751350E-1,9.615221876E-2,6.951781737E0,2.548986637E0
9.366666667E0,8.953308514E-1,1.231869255E-1,7.183507795E0,3.475890868E0
9.375000000E0,9.494002649E-1,1.540837332E-1,5.329699331E0,3.939342984E0
9.383333333E0,9.841591736E-1,1.888426419E-1,4.171069042E0,3.707616926E0
9.391666667E0,1.018918082E0,2.158773487E-1,4.171069042E0,2.548986637E0
9.400000000E0,1.053676991E0,2.313257525E-1,3.707616926E0,2.548986637E0
9.408333333E0,1.080711698E0,2.583604593E-1,2.548986637E0,2.085534521E0
9.416666667E0,1.096160102E0,2.660846612E-1,1.622082405E0,1.158630289E0
9.425000000E0,1.107746404E0,2.776709641E-1,1.158630289E0,1.158630289E0
9.433333333E0,1.115470606E0,2.853951660E-1,9.269042316E-1,4.634521158E-1
9.441666667E0,1.123194808E0,2.853951660E-1,0.000000000E0,-2.317260579E-1
9.450000000E0,1.115470606E0,2.815330651E-1,-1.158630289E0,-9.269042316E-1
9.458333333E0,1.103884304E0,2.699467622E-1,-2.085534521E0,-1.622082405E0
9.466666667E0,1.080711698E0,2.544983583E-1,-3.012438753E0,-2.548986637E0
9.475000000E0,1.053676991E0,2.274636516E-1,-3.012438753E0,-2.317260579E0
9.483333333E0,1.030504385E0,2.158773487E-1,-3.475890868E0,-2.085534521E0
9.491666667E0,9.957454765E-1,1.927047429E-1,-4.866247216E0,-3.707616926E0
9.500000000E0,9.494002649E-1,1.540837332E-1,-6.256603563E0,-4.171069042E0
9.508333333E0,8.914687504E-1,1.231869255E-1,-7.183507795E0,-3.475890868E0
9.516666667E0,8.296751350E-1,9.615221876E-2,-6.720055679E0,-3.012438753E0
9.525000000E0,7.794678225E-1,7.297961298E-2,-7.183507795E0,-3.012438753E0
9.533333333E0,7.099500051E-1,4.594490622E-2,-8.342138084E0,-3.475890868E0
9.541666667E0,6.404321877E-1,1.504809850E-2,-9.500768373E0,-1.622082405E0
9.550000000E0,5.516038655E-1,1.891019947E-2,-9.964220489E0,-2.317260579E-1
9.558333333E0,4.743618462E-1,1.118599754E-2,-8.573864142E0,-4.634521158E-1
9.566666667E0,4.087061298E-1,1.118599754E-2,-5.816324053E1,2.317260579E-1
9.575000000E0,-4.950254959E-1,1.504809850E-2,-5.978532294E1,6.951781737E-1
9.583333333E0,-5.877159191E-1,2.277230043E-2,-9.964220489E0,1.390356347E0
9.591666667E0,-6.610958374E-1,3.822070429E-2,-8.342138084E0,2.085534521E0
9.600000000E0,-7.267515538E-1,5.753120912E-2,-6.951781737E0,1.853808463E0
9.608333333E0,-7.769588664E-1,6.911751201E-2,-6.488329621E0,1.622082405E0
9.616666667E0,-8.348903808E-1,8.456591587E-2,-6.488329621E0,3.012438753E0
9.625000000E0,-8.850976934E-1,1.193248246E-1,-5.793151447E0,3.707616926E0
9.633333333E0,-9.314429050E-1,1.463595313E-1,-5.329699331E0,3.012438753E0
9.641666667E0,-9.739260156E-1,1.695321371E-1,-4.634521158E0,2.780712695E0
9.650000000E0,-1.008684924E0,1.927047429E-1,-3.707616926E0,2.548986637E0
9.658333333E0,-1.035719631E0,2.120152477E-1,-3.244164810E0,2.317260579E0
9.666666667E0,-1.062754338E0,2.313257525E-1,-2.548986637E0,2.085534521E0
9.675000000E0,-1.078202742E0,2.467741564E-1,-2.085534521E0,1.853808463E0
9.683333333E0,-1.097513246E0,2.622225603E-1,-1.390356347E0,1.390356347E0
9.691666667E0,-1.101375347E0,2.699467622E-1,2.317260579E-1,-0.000000000E0
9.700000000E0,-1.093651145E0,2.622225603E-1,9.269042316E-1,-9.269042316E-1
9.708333333E0,-1.085926944E0,2.544983583E-1,1.390356347E0,-1.390356347E0
9.716666667E0,-1.070478540E0,2.390499545E-1,1.622082405E0,-1.853808463E0
9.725000000E0,-1.058892237E0,2.236015506E-1,1.158630289E0,-1.622082405E0
9.733333333E0,-1.051168035E0,2.120152477E-1,2.085534521E0,-1.853808463E0
9.741666667E0,-1.024133328E0,1.927047429E-1,4.402795100E0,-3.012438753E0
9.750000000E0,-9.777881165E-1,1.618079352E-1,5.329699331E0,-3.244164810E0
9.758333333E0,-9.353050059E-1,1.386353294E-1,6.024877505E0,-3.012438753E0
9.766666667E0,-8.773734914E-1,1.116006226E-1,7.183507795E0,-3.012438753E0
9.775000000E0,-8.155798760E-1,8.842801684E-2,6.488329621E0,-2.317260579E0
9.783333333E0,-7.692346644E-1,7.297961298E-2,8.342138084E0,-2.780712695E0
9.791666667E0,-6.765442413E-1,4.208280526E-2,8.805590200E0,-2.085534521E0
9.800000000E0,-6.224748278E-1,3.822070429E-2,6.720055679E0,-2.317260579E-1
9.808333333E0,-5.645433133E-1,3.822070429E-2,8.805590200E0,-2.317260579E-1
9.816666667E0,-4.757149911E-1,3.435860333E-2,9.964220489E0,-2.317260579E-1
9.825000000E0,-3.984729718E-1,3.435860333E-2,5.978532294E1,-6.951781737E-1
9.833333333E0,5.207070578E-1,2.277230043E-2,5.862669265E1,-2.317260579E-1
9.841666667E0,5.786385723E-1,3.049650236E-2,6.256603563E0,9.269042316E-1
9.850000000E0,6.249837839E-1,3.822070429E-2,6.720055679E0,1.158630289E0
9.858333333E0,6.906395003E-1,4.980700719E-2,8.805590200E0,1.853808463E0
9.866666667E0,7.717436205E-1,6.911751201E-2,6.720055679E0,2.085534521E0
9.875000000E0,8.026404282E-1,8.456591587E-2,4.634521158E0,2.548986637E0
9.883333333E0,8.489856398E-1,1.116006226E-1,5.561425389E0,3.012438753E0
9.891666667E0,8.953308514E-1,1.347732284E-1,5.561425389E0,2.548986637E0
9.900000000E0,9.416760630E-1,1.540837332E-1,4.634521158E0,2.780712695E0
9.908333333E0,9.725728707E-1,1.811184400E-1,3.244164810E0,2.317260579E0
9.916666667E0,9.957454765E-1,1.927047429E-1,3.475890868E0,2.085534521E0
9.925000000E0,1.030504385E0,2.158773487E-1,3.012438753E0,2.085534521E0
9.933333333E0,1.045952789E0,2.274636516E-1,1.390356347E0,1.390356347E0
9.941666667E0,1.053676991E0,2.390499545E-1,6.951781737E-1,9.269042316E-1
9.950000000E0,1.057539092E0,2.429120554E-1,2.317260579E-1,-0.000000000E0
9.958333333E0,1.057539092E0,2.390499545E-1,-1.158630289E0,-6.951781737E-1
9.966666667E0,1.038228587E0,2.313257525E-1,-2.085534521E0,-1.390356347E0
9.975000000E0,1.022780183E0,2.158773487E-1,-1.622082405E0,-1.853808463E0
9.983333333E0,1.011193880E0,2.004289448E-1,-2.085534521E0,-1.853808463E0
9.991666667E0,9.880212746E-1,1.849805410E-1,-3.012438753E0,-2.317260579E0
1.000000000E1,9.609865678E-1,1.618079352E-1,-3.939342984E0,-2.780712695E0
1.000833333E1,9.223655582E-1,1.386353294E-1,-4.402795100E0,-2.780712695E0
1.001666667E1,8.876066495E-1,1.154627236E-1,-5.561425389E0,-2.548986637E0
1.002500000E1,8.296751350E-1,9.615221876E-2,-6.488329621E0,-2.317260579E0
1.003333333E1,7.794678225E-1,7.684171394E-2,-6.024877505E0,-2.317260579E0
1.004166667E1,7.292605099E-1,5.753120912E-2,-6.951781737E0,-2.780712695E0
1.005000000E1,6.636047935E-1,3.049650236E-2,-8.110412026E0,-2.548986637E0
1.005833333E1,5.940869761E-1,1.504809850E-2,-8.110412026E0,-1.158630289E0
1.006666667E1,5.284312597E-1,1.118599754E-2,-7.878685968E0,-2.317260579E-1
1.007500000E1,4.627755433E-1,1.118599754E-2,-5.862669265E1,-0.000000000E0
1.008333333E1,-4.486802843E-1,1.118599754E-2,-5.955359688E1,6.951781737E-1
1.009166667E1,-5.297844046E-1,2.277230043E-2,-8.342138084E0,9.269042316E-1
1.010000000E1,-5.877159191E-1,2.663440140E-2,-6.951781737E0,1.158630289E0
1.010833333E1,-6.456474336E-1,4.208280526E-2,-7.415233852E0,1.390356347E0
1.011666667E1,-7.113031500E-1,4.980700719E-2,-7.646959910E0,1.390356347E0
1.012500000E1,-7.730967654E-1,6.525541105E-2,-6.720055679E0,2.085534521E0
1.013333333E1,-8.233040779E-1,8.456591587E-2,-5.097973274E0,2.548986637E0
1.014166667E1,-8.580629866E-1,1.077385217E-1,-4.402795100E0,2.317260579E0
1.015000000E1,-8.966839963E-1,1.231869255E-1,-4.402795100E0,1.853808463E0
1.015833333E1,-9.314429050E-1,1.386353294E-1,-4.402795100E0,2.085534521E0
1.016666667E1,-9.700639146E-1,1.579458342E-1,-3.939342984E0,3.012438753E0
1.017500000E1,-9.970986214E-1,1.888426419E-1,-2.317260579E0,1.853808463E0
1.018333333E1,-1.008684924E0,1.888426419E-1,-2.085534521E0,9.269042316E-1
1.019166667E1,-1.031857530E0,2.042910458E-1,-2.085534521E0,1.622082405E0
1.020000000E1,-1.043443833E0,2.158773487E-1,-6.951781737E-1,4.634521158E-1
1.020833333E1,-1.043443833E0,2.120152477E-1,4.634521158E-1,-6.951781737E-1
1.021666667E1,-1.035719631E0,2.042910458E-1,1.158630289E0,-1.158630289E0
1.022500000E1,-1.024133328E0,1.927047429E-1,1.622082405E0,-1.158630289E0
1.023333333E1,-1.008684924E0,1.849805410E-1,1.390356347E0,-9.269042316E-1
1.024166667E1,-1.000960722E0,1.772563390E-1,2.085534521E0,-1.853808463E0
1.025000000E1,-9.739260156E-1,1.540837332E-1,3.244164810E0,-1.853808463E0
1.025833333E1,-9.468913088E-1,1.463595313E-1,3.939342984E0,-1.622082405E0
1.026666667E1,-9.082702992E-1,1.270490265E-1,4.634521158E0,-2.085534521E0
1.027500000E1,-8.696492895E-1,1.116006226E-1,6.024877505E0,-2.780712695E0
1.028333333E1,-8.078556741E-1,8.070381491E-2,6.720055679E0,-3.475890868E0
1.029166667E1,-7.576483615E-1,5.366910815E-2,8.110412026E0,-3.244164810E0
1.030000000E1,-6.726821403E-1,2.663440140E-2,9.500768373E0,-1.622082405E0
1.030833333E1,-5.993022220E-1,2.663440140E-2,6.024877505E0,-0.000000000E0
1.031666667E1,-5.722675152E-1,2.663440140E-2,6.488329621E0,-0.000000000E0
1.032500000E1,-4.911633950E-1,2.663440140E-2,1.019594655E1,-6.951781737E-1
1.033333333E1,-4.023350728E-1,1.504809850E-2,5.654115812E1,-6.951781737E-1
1.034166667E1,4.511892405E-1,1.504809850E-2,5.654115812E1,6.951781737E-1
1.035000000E1,5.400175626E-1,2.663440140E-2,9.269042316E0,1.158630289E0
1.035833333E1,6.056732790E-1,3.435860333E-2,6.488329621E0,4.634521158E-1
1.036666667E1,6.481563897E-1,3.435860333E-2,6.024877505E0,1.158630289E0
1.037500000E1,7.060879041E-1,5.366910815E-2,6.024877505E0,2.548986637E0
1.038333333E1,7.485710147E-1,7.684171394E-2,6.488329621E0,2.548986637E0
1.039166667E1,8.142267311E-1,9.615221876E-2,4.634521158E0,1.622082405E0
1.040000000E1,8.258130340E-1,1.038764207E-1,4.171069042E0,2.085534521E0
1.040833333E1,8.837445485E-1,1.309111274E-1,5.097973274E0,2.548986637E0
1.041666667E1,9.107792553E-1,1.463595313E-1,3.707616926E0,2.317260579E0
1.042500000E1,9.455381639E-1,1.695321371E-1,2.780712695E0,1.853808463E0
1.043333333E1,9.571244668E-1,1.772563390E-1,2.317260579E0,9.269042316E-1
1.044166667E1,9.841591736E-1,1.849805410E-1,2.085534521E0,9.269042316E-1
1.045000000E1,9.918833755E-1,1.927047429E-1,6.951781737E-1,6.951781737E-1
1.045833333E1,9.957454765E-1,1.965668438E-1,4.634521158E-1,4.634521158E-1
1.046666667E1,9.996075775E-1,2.004289448E-1,2.317260579E-1,-2.317260579E-1
1.047500000E1,9.996075775E-1,1.927047429E-1,-9.269042316E-1,-6.951781737E-1
1.048333333E1,9.841591736E-1,1.888426419E-1,-1.853808463E0,-1.390356347E0
1.049166667E1,9.687107697E-1,1.695321371E-1,-1.853808463E0,-1.622082405E0
1.050000000E1,9.532623659E-1,1.618079352E-1,-2.780712695E0,-1.390356347E0
1.050833333E1,9.223655582E-1,1.463595313E-1,-4.402795100E0,-2.085534521E0
1.051666667E1,8.798824475E-1,1.270490265E-1,-4.634521158E0,-2.317260579E0
1.052500000E1,8.451235389E-1,1.077385217E-1,-5.329699331E0,-2.780712695E0
1.053333333E1,7.910541254E-1,8.070381491E-2,-5.097973274E0,-2.548986637E0
1.054166667E1,7.601573176E-1,6.525541105E-2,-3.939342984E0,-2.085534521E0
1.055000000E1,7.253984090E-1,4.594490622E-2,-5.329699331E0,-2.317260579E0
1.055833333E1,6.713289954E-1,2.663440140E-2,-7.646959910E0,-1.622082405E0
1.056666667E1,5.979490771E-1,1.891019947E-2,-8.805590200E0,-6.951781737E-1
1.057500000E1,5.245691588E-1,1.504809850E-2,-7.878685968E0,-4.634521158E-1
1.058333333E1,4.666376443E-1,1.118599754E-2,-7.415233852E0,-4.634521158E-1
1.059166667E1,4.009819279E-1,7.323896574E-3,-5.862669265E1,-2.317260579E-1
1.060000000E1,-5.104738998E-1,7.323896574E-3,-5.816324053E1,2.317260579E-1
1.060833333E1,-5.684054143E-1,1.118599754E-2,-6.488329621E0,6.951781737E-1
1.061666667E1,-6.186127268E-1,1.891019947E-2,-6.024877505E0,9.269042316E-1
1.062500000E1,-6.688200393E-1,2.663440140E-2,-6.024877505E0,9.269042316E-1
1.063333333E1,-7.190273519E-1,3.435860333E-2,-5.793151447E0,1.158630289E0
1.064166667E1,-7.653725635E-1,4.594490622E-2,-5.561425389E0,2.548986637E0
1.065000000E1,-8.117177750E-1,7.684171394E-2,-5.329699331E0,2.780712695E0
1.065833333E1,-8.542008857E-1,9.229011780E-2,-4.402795100E0,2.317260579E0
1.066666667E1,-8.850976934E-1,1.154627236E-1,-4.171069042E0,2.780712695E0
1.067500000E1,-9.237187030E-1,1.386353294E-1,-3.244164810E0,2.085534521E0
1.068333333E1,-9.391671069E-1,1.502216323E-1,-2.085534521E0,1.158630289E0
1.069166667E1,-9.584776117E-1,1.579458342E-1,-2.317260579E0,1.158630289E0
1.070000000E1,-9.777881165E-1,1.695321371E-1,-1.853808463E0,1.158630289E0
1.070833333E1,-9.893744194E-1,1.772563390E-1,-4.634521158E-1,4.634521158E-1
1.071666667E1,-9.855123185E-1,1.772563390E-1,4.634521158E-1,-0.000000000E0
1.072500000E1,-9.816502175E-1,1.772563390E-1,9.269042316E-1,-6.951781737E-1
1.073333333E1,-9.700639146E-1,1.656700361E-1,1.158630289E0,-1.390356347E0
1.074166667E1,-9.623397127E-1,1.540837332E-1,1.158630289E0,-1.158630289E0
1.075000000E1,-9.507534098E-1,1.463595313E-1,2.085534521E0,-1.622082405E0
1.075833333E1,-9.275808040E-1,1.270490265E-1,3.475890868E0,-2.085534521E0
1.076666667E1,-8.928218953E-1,1.116006226E-1,5.329699331E0,-2.317260579E0
1.077500000E1,-8.387524818E-1,8.842801684E-2,5.561425389E0,-2.085534521E0
1.078333333E1,-8.001314721E-1,7.684171394E-2,4.402795100E0,-1.853808463E0
1.079166667E1,-7.653725635E-1,5.753120912E-2,4.634521158E0,-2.085534521E0
1.080000000E1,-7.228894529E-1,4.208280526E-2,7.183507795E0,-1.853808463E0
1.080833333E1,-6.456474336E-1,2.663440140E-2,7.183507795E0,-1.158630289E0
1.081666667E1,-6.031643229E-1,2.277230043E-2,6.024877505E0,-4.634521158E-1
1.082500000E1,-5.452328085E-1,1.891019947E-2,6.488329621E0,-2.317260579E-1
1.083333333E1,-4.950254959E-1,1.891019947E-2,7.646959910E0,-4.634521158E-1
1.084166667E1,-4.177834766E-1,1.118599754E-2,5.700461024E1,-2.317260579E-1
1.085000000E1,4.550513414E-1,1.504809850E-2,5.584597995E1,1.158630289E0
1.085833333E1,5.129828559E-1,3.049650236E-2,6.720055679E0,1.158630289E0
1.086666667E1,5.670522694E-1,3.435860333E-2,6.488329621E0,4.634521158E-1
1.087500000E1,6.211216829E-1,3.822070429E-2,6.720055679E0,9.269042316E-1
1.088333333E1,6.790531974E-1,4.980700719E-2,7.646959910E0,2.085534521E0
1.089166667E1,7.485710147E-1,7.297961298E-2,5.561425389E0,2.548986637E0
1.090000000E1,7.717436205E-1,9.229011780E-2,3.244164810E0,2.317260579E0
1.090833333E1,8.026404282E-1,1.116006226E-1,3.939342984E0,1.390356347E0
1.091666667E1,8.373993369E-1,1.154627236E-1,3.939342984E0,1.622082405E0
1.092500000E1,8.682961447E-1,1.386353294E-1,3.244164810E0,2.085534521E0
1.093333333E1,8.914687504E-1,1.502216323E-1,1.390356347E0,6.951781737E-1
1.094166667E1,8.914687504E-1,1.502216323E-1,2.548986637E0,1.622082405E0
1.095000000E1,9.339518611E-1,1.772563390E-1,3.012438753E0,2.085534521E0
1.095833333E1,9.416760630E-1,1.849805410E-1,9.269042316E-1,4.634521158E-1
1.096666667E1,9.494002649E-1,1.849805410E-1,4.634521158E-1,-0.000000000E0
1.097500000E1,9.494002649E-1,1.849805410E-1,-4.634521158E-1,-6.951781737E-1
1.098333333E1,9.416760630E-1,1.733942381E-1,-4.634521158E-1,-6.951781737E-1
1.099166667E1,9.416760630E-1,1.733942381E-1,-4.634521158E-1,-6.951781737E-1
1.100000000E1,9.339518611E-1,1.618079352E-1,-1.390356347E0,-1.622082405E0
1.100833333E1,9.185034572E-1,1.463595313E-1,-2.317260579E0,-1.853808463E0
1.101666667E1,8.953308514E-1,1.309111274E-1,-3.707616926E0,-1.853808463E0
1.102500000E1,8.567098418E-1,1.154627236E-1,-6.256603563E0,-2.780712695E0
1.103333333E1,7.910541254E-1,8.456591587E-2,-4.634521158E0,-1.853808463E0
1.104166667E1,7.794678225E-1,8.456591587E-2,-3.244164810E0,-1.622082405E0
1.105000000E1,7.369847118E-1,5.753120912E-2,-5.329699331E0,-2.548986637E0
1.105833333E1,6.906395003E-1,4.208280526E-2,-5.793151447E0,-1.622082405E0
1.106666667E1,6.404321877E-1,3.049650236E-2,-6.720055679E0,-1.622082405E0
1.107500000E1,5.786385723E-1,1.504809850E-2,-6.720055679E0,-1.158630289E0
1.108333333E1,5.284312597E-1,1.118599754E-2,-6.951781737E0,-6.951781737E-1
1.109166667E1,4.627755433E-1,3.461795609E-3,-7.878685968E0,-4.634521158E-1
1.110000000E1,3.971198269E-1,3.461795609E-3,-5.769978841E1,4.634521158E-1
1.110833333E1,-4.988875969E-1,1.118599754E-2,-5.723633630E1,6.951781737E-1
1.111666667E1,-5.568191114E-1,1.504809850E-2,-6.024877505E0,4.634521158E-1
1.112500000E1,-5.993022220E-1,1.891019947E-2,-4.634521158E0,9.269042316E-1
1.113333333E1,-6.340611307E-1,3.049650236E-2,-5.561425389E0,9.269042316E-1
1.114166667E1,-6.919926451E-1,3.435860333E-2,-5.793151447E0,9.269042316E-1
1.115000000E1,-7.306136548E-1,4.594490622E-2,-5.097973274E0,1.622082405E0
1.115833333E1,-7.769588664E-1,6.139331008E-2,-5.329699331E0,2.085534521E0
1.116666667E1,-8.194419770E-1,8.070381491E-2,-4.171069042E0,1.853808463E0
1.117500000E1,-8.464766837E-1,9.229011780E-2,-3.012438753E0,1.622082405E0
1.118333333E1,-8.696492895E-1,1.077385217E-1,-2.780712695E0,1.390356347E0
1.119166667E1,-8.928218953E-1,1.154627236E-1,-2.548986637E0,1.158630289E0
1.120000000E1,-9.121324001E-1,1.270490265E-1,-1.853808463E0,1.853808463E0
1.120833333E1,-9.237187030E-1,1.463595313E-1,-1.390356347E0,1.390356347E0
1.121666667E1,-9.353050059E-1,1.502216323E-1,-4.634521158E-1,-0.000000000E0
1.122500000E1,-9.314429050E-1,1.463595313E-1,2.317260579E-1,-4.634521158E-1
1.123333333E1,-9.314429050E-1,1.424974303E-1,6.951781737E-1,-6.951781737E-1
1.124166667E1,-9.198566021E-1,1.347732284E-1,1.390356347E0,-9.269042316E-1
1.125000000E1,-9.082702992E-1,1.270490265E-1,1.853808463E0,-1.622082405E0
1.125833333E1,-8.889597943E-1,1.077385217E-1,2.085534521E0,-1.622082405E0
1.126666667E1,-8.735113905E-1,1.000143197E-1,2.548986637E0,-1.390356347E0
1.127500000E1,-8.464766837E-1,8.456591587E-2,2.548986637E0,-1.158630289E0
1.128333333E1,-8.310282799E-1,8.070381491E-2,3.475890868E0,-1.390356347E0
1.129166667E1,-7.885451693E-1,6.139331008E-2,5.329699331E0,-2.317260579E0
1.130000000E1,-7.421999577E-1,4.208280526E-2,7.415233852E0,-2.317260579E0
1.130833333E1,-6.649579384E-1,2.277230043E-2,6.720055679E0,-1.158630289E0
1.131666667E1,-6.301990297E-1,2.277230043E-2,4.171069042E0,-4.634521158E-1
1.132500000E1,-5.954401210E-1,1.504809850E-2,5.561425389E0,-4.634521158E-1
1.133333333E1,-5.375086065E-1,1.504809850E-2,7.878685968E0,-2.317260579E-1
1.134166667E1,-4.641286882E-1,1.118599754E-2,7.183507795E0,-2.317260579E-1
1.135000000E1,-4.177834766E-1,1.118599754E-2,5.584597995E1,2.317260579E-1
1.135833333E1,4.666376443E-1,1.504809850E-2,5.677288418E1,4.634521158E-1
1.136666667E1,5.284312597E-1,1.891019947E-2,5.793151447E0,4.634521158E-1
1.137500000E1,5.631901684E-1,2.277230043E-2,5.329699331E0,6.951781737E-1
1.138333333E1,6.172595819E-1,3.049650236E-2,5.793151447E0,1.390356347E0
1.139166667E1,6.597426926E-1,4.594490622E-2,5.329699331E0,2.085534521E0
1.140000000E1,7.060879041E-1,6.525541105E-2,5.097973274E0,1.390356347E0
1.140833333E1,7.447089138E-1,6.911751201E-2,4.402795100E0,1.158630289E0
1.141666667E1,7.794678225E-1,8.456591587E-2,4.171069042E0,1.622082405E0
1.142500000E1,8.142267311E-1,9.615221876E-2,3.475890868E0,1.158630289E0
1.143333333E1,8.373993369E-1,1.038764207E-1,2.780712695E0,1.158630289E0
1.144166667E1,8.605719427E-1,1.154627236E-1,2.317260579E0,1.390356347E0
1.145000000E1,8.760203466E-1,1.270490265E-1,2.085534521E0,1.390356347E0
1.145833333E1,8.953308514E-1,1.386353294E-1,1.622082405E0,1.158630289E0
1.146666667E1,9.030550533E-1,1.463595313E-1,6.951781737E-1,4.634521158E-1
1.147500000E1,9.069171543E-1,1.463595313E-1,0.000000000E0,-1.622082405E0
1.148333333E1,9.030550533E-1,1.193248246E-1,-6.951781737E-1,-9.269042316E-1
1.149166667E1,8.953308514E-1,1.309111274E-1,-1.390356347E0,-2.317260579E-1
1.150000000E1,8.798824475E-1,1.154627236E-1,-1.853808463E0,-1.853808463E0
1.150833333E1,8.644340437E-1,1.000143197E-1,-1.622082405E0,-1.390356347E0
1.151666667E1,8.528477408E-1,9.229011780E-2,-1.853808463E0,-6.951781737E-1
1.152500000E1,8.335372360E-1,8.842801684E-2,-3.939342984E0,-1.158630289E0
1.153333333E1,7.871920244E-1,7.297961298E-2,-4.634521158E0,-1.853808463E0
1.154166667E1,7.562952167E-1,5.753120912E-2,-3.475890868E0,-1.622082405E0
1.155000000E1,7.292605099E-1,4.594490622E-2,-4.866247216E0,-1.622082405E0
1.155833333E1,6.751910964E-1,3.049650236E-2,-5.793151447E0,-1.158630289E0
1.156666667E1,6.327079858E-1,2.663440140E-2,-5.097973274E0,-6.951781737E-1
1.157500000E1,5.902248752E-1,1.891019947E-2,-5.329699331E0,-6.951781737E-1
1.158333333E1,5.438796636E-1,1.504809850E-2,-5.561425389E0,-4.634521158E-1
1.159166667E1,4.975344520E-1,1.118599754E-2,-6.951781737E0,-2.317260579E-1
1.160000000E1,4.280166347E-1,1.118599754E-2,-7.415233852E0,-0.000000000E0
1.160833333E1,3.739472212E-1,1.118599754E-2,-5.584597995E1,2.317260579E-1
1.161666667E1,-5.027496979E-1,1.504809850E-2,-5.584597995E1,4.634521158E-1
1.162500000E1,-5.568191114E-1,1.891019947E-2,-6.256603563E0,9.269042316E-1
1.163333333E1,-6.070264239E-1,3.049650236E-2,-4.866247216E0,9.269042316E-1
1.164166667E1,-6.379232316E-1,3.435860333E-2,-3.707616926E0,2.317260579E-1
1.165000000E1,-6.688200393E-1,3.435860333E-2,-5.097973274E0,2.317260579E-1
1.165833333E1,-7.228894529E-1,3.822070429E-2,-6.488329621E0,1.158630289E0
1.166666667E1,-7.769588664E-1,5.366910815E-2,-4.402795100E0,1.158630289E0
1.167500000E1,-7.962693712E-1,5.753120912E-2,-2.780712695E0,9.269042316E-1
1.168333333E1,-8.233040779E-1,6.911751201E-2,-3.012438753E0,1.390356347E0
1.169166667E1,-8.464766837E-1,8.070381491E-2,-2.548986637E0,1.853808463E0
1.170000000E1,-8.657871885E-1,1.000143197E-1,-2.085534521E0,1.622082405E0
1.170833333E1,-8.812355924E-1,1.077385217E-1,-1.622082405E0,6.951781737E-1
1.171666667E1,-8.928218953E-1,1.116006226E-1,-9.269042316E-1,6.951781737E-1
1.172500000E1,-8.966839963E-1,1.193248246E-1,-6.951781737E-1,9.269042316E-1
1.173333333E1,-9.044081982E-1,1.270490265E-1,4.634521158E-1,-0.000000000E0
1.174166667E1,-8.889597943E-1,1.193248246E-1,1.853808463E0,-9.269042316E-1
1.175000000E1,-8.735113905E-1,1.116006226E-1,1.390356347E0,-6.951781737E-1
1.175833333E1,-8.657871885E-1,1.077385217E-1,1.853808463E0,-9.269042316E-1
1.176666667E1,-8.426145828E-1,9.615221876E-2,2.548986637E0,-1.158630289E0
1.177500000E1,-8.233040779E-1,8.842801684E-2,2.548986637E0,-1.158630289E0
1.178333333E1,-8.001314721E-1,7.684171394E-2,3.475890868E0,-1.622082405E0
1.179166667E1,-7.653725635E-1,6.139331008E-2,4.402795100E0,-1.853808463E0
1.180000000E1,-7.267515538E-1,4.594490622E-2,6.024877505E0,-2.317260579E0
1.180833333E1,-6.649579384E-1,2.277230043E-2,6.720055679E0,-1.853808463E0
1.181666667E1,-6.147506258E-1,1.504809850E-2,4.634521158E0,-6.951781737E-1
1.182500000E1,-5.877159191E-1,1.118599754E-2,3.475890868E0,-2.317260579E-1
1.183333333E1,-5.568191114E-1,1.118599754E-2,5.329699331E0,-2.317260579E-1
1.184166667E1,-4.988875969E-1,7.323896574E-3,6.951781737E0,-2.317260579E-1
1.185000000E1,-4.409560824E-1,7.323896574E-3,7.878685968E0,2.317260579E-1
1.185833333E1,-3.675761641E-1,1.118599754E-2,5.584597995E1,4.634521158E-1
1.186666667E1,4.898102501E-1,1.504809850E-2,5.468734966E1,4.634521158E-1
1.187500000E1,5.438796636E-1,1.891019947E-2,5.561425389E0,9.269042316E-1
1.188333333E1,5.825006733E-1,3.049650236E-2,3.939342984E0,9.269042316E-1
1.189166667E1,6.095353800E-1,3.435860333E-2,4.634521158E0,1.158630289E0
1.190000000E1,6.597426926E-1,4.980700719E-2,5.793151447E0,1.158630289E0
1.190833333E1,7.060879041E-1,5.366910815E-2,4.866247216E0,1.158630289E0
1.191666667E1,7.408468128E-1,6.911751201E-2,3.707616926E0,1.622082405E0
1.192500000E1,7.678815196E-1,8.070381491E-2,2.780712695E0,9.269042316E-1
1.193333333E1,7.871920244E-1,8.456591587E-2,2.548986637E0,1.158630289E0
1.194166667E1,8.103646302E-1,1.000143197E-1,2.085534521E0,1.158630289E0
1.195000000E1,8.219509331E-1,1.038764207E-1,1.158630289E0,4.634521158E-1
1.195833333E1,8.296751350E-1,1.077385217E-1,1.158630289E0,9.269042316E-1
1.196666667E1,8.412614379E-1,1.193248246E-1,1.390356347E0,1.158630289E0
1.197500000E1,8.528477408E-1,1.270490265E-1,9.269042316E-1,6.951781737E-1
1.198333333E1,8.567098418E-1,1.309111274E-1,-2.317260579E-1,-2.317260579E-1
1.199166667E1,8.489856398E-1,1.231869255E-1,-9.269042316E-1,-1.158630289E0
1.200000000E1,8.412614379E-1,1.116006226E-1,-1.390356347E0,-1.158630289E0
1.200833333E1,8.258130340E-1,1.038764207E-1,-1.622082405E0,-9.269042316E-1
1.201666667E1,8.142267311E-1,9.615221876E-2,-1.853808463E0,-1.158630289E0
1.202500000E1,7.949162263E-1,8.456591587E-2,-2.780712695E0,-1.390356347E0
1.203333333E1,7.678815196E-1,7.297961298E-2,-3.012438753E0,-1.390356347E0
1.204166667E1,7.447089138E-1,6.139331008E-2,-3.012438753E0,-1.390356347E0
1.205000000E1,7.176742070E-1,4.980700719E-2,-4.171069042E0,-2.085534521E0
1.205833333E1,6.751910964E-1,2.663440140E-2,-4.866247216E0,-1.853808463E0
1.206666667E1,6.365700868E-1,1.891019947E-2,-5.097973274E0,-1.158630289E0
1.207500000E1,5.902248752E-1,7.323896574E-3,-4.866247216E0,-6.951781737E-1
1.208333333E1,5.554659665E-1,7.323896574E-3,-4.866247216E0,-0.000000000E0
1.209166667E1,5.091207549E-1,7.323896574E-3,-6.488329621E0,4.634521158E-1
1.210000000E1,4.473271395E-1,1.504809850E-2,-6.024877505E0,4.634521158E-1
1.210833333E1,4.087061298E-1,1.504809850E-2,-5.793151447E0,4.634521158E-1
1.211666667E1,3.507746154E-1,2.277230043E-2,-5.584597995E1,-0.000000000E0
1.212500000E1,-5.220602027E-1,1.504809850E-2,-5.515080178E1,1.658861516E-14
1.213333333E1,-5.684054143E-1,2.277230043E-2,-5.329699331E0,4.634521158E-1
1.214166667E1,-6.108885249E-1,2.277230043E-2,-4.171069042E0,2.317260579E-1
1.215000000E1,-6.379232316E-1,2.663440140E-2,-3.939342984E0,6.951781737E-1
1.215833333E1,-6.765442413E-1,3.435860333E-2,-4.402795100E0,9.269042316E-1
1.216666667E1,-7.113031500E-1,4.208280526E-2,-3.707616926E0,9.269042316E-1
1.217500000E1,-7.383378567E-1,4.980700719E-2,-2.548986637E0,9.269042316E-1
1.218333333E1,-7.537862606E-1,5.753120912E-2,-2.548986637E0,9.269042316E-1
1.219166667E1,-7.808209673E-1,6.525541105E-2,-2.780712695E0,1.390356347E0
1.220000000E1,-8.001314721E-1,8.070381491E-2,-1.853808463E0,1.390356347E0
1.220833333E1,-8.117177750E-1,8.842801684E-2,-1.622082405E0,6.951781737E-1
1.221666667E1,-8.271661789E-1,9.229011780E-2,-9.269042316E-1,4.634521158E-1
1.222500000E1,-8.271661789E-1,9.615221876E-2,-9.269042316E-1,2.317260579E-1
1.223333333E1,-8.426145828E-1,9.615221876E-2,0.000000000E0,-2.317260579E-1
1.224166667E1,-8.271661789E-1,9.229011780E-2,1.390356347E0,-9.269042316E-1
1.225000000E1,-8.194419770E-1,8.070381491E-2,9.269042316E-1,-9.269042316E-1
1.225833333E1,-8.117177750E-1,7.684171394E-2,1.158630289E0,-4.634521158E-1
1.226666667E1,-8.001314721E-1,7.297961298E-2,1.390356347E0,-6.951781737E-1
1.227500000E1,-7.885451693E-1,6.525541105E-2,1.853808463E0,-9.269042316E-1
1.228333333E1,-7.692346644E-1,5.753120912E-2,2.780712695E0,-9.269042316E-1
1.229166667E1,-7.421999577E-1,4.980700719E-2,3.707616926E0,-9.269042316E-1
1.230000000E1,-7.074410490E-1,4.208280526E-2,4.402795100E0,-9.269042316E-1
1.230833333E1,-6.688200393E-1,3.435860333E-2,4.866247216E0,-4.634521158E-1
1.231666667E1,-6.263369287E-1,3.435860333E-2,4.171069042E0,-2.317260579E-1
1.232500000E1,-5.993022220E-1,3.049650236E-2,4.171069042E0,-4.634521158E-1
1.233333333E1,-5.568191114E-1,2.663440140E-2,5.097973274E0,-4.634521158E-1
1.234166667E1,-5.143360008E-1,2.277230043E-2,6.256603563E0,-2.317260579E-1
1.235000000E1,-4.525423853E-1,2.277230043E-2,6.024877505E0,-2.317260579E-1
1.235833333E1,-4.139213757E-1,1.891019947E-2,4.866247216E0,-2.317260579E-1
1.236666667E1,-3.714382651E-1,1.891019947E-2,5.561425389E1,2.317260579E-1
1.237500000E1,5.129828559E-1,2.277230043E-2,5.422389755E1,2.317260579E-1
1.238333333E1,5.322933607E-1,2.277230043E-2,3.939342984E0,2.317260579E-1
1.239166667E1,5.786385723E-1,2.663440140E-2,4.634521158E0,9.269042316E-1
1.240000000E1,6.095353800E-1,3.822070429E-2,3.475890868E0,6.951781737E-1
1.240833333E1,6.365700868E-1,3.822070429E-2,4.634521158E0,4.634521158E-1
1.241666667E1,6.867773993E-1,4.594490622E-2,4.634521158E0,4.634521158E-1
1.242500000E1,7.138121061E-1,4.594490622E-2,2.548986637E0,6.951781737E-1
1.243333333E1,7.292605099E-1,5.753120912E-2,2.317260579E0,1.158630289E0
1.244166667E1,7.524331157E-1,6.525541105E-2,2.317260579E0,9.269042316E-1
1.245000000E1,7.678815196E-1,7.297961298E-2,2.085534521E0,1.158630289E0
1.245833333E1,7.871920244E-1,8.456591587E-2,1.622082405E0,9.269042316E-1
1.246666667E1,7.949162263E-1,8.842801684E-2,6.951781737E-1,6.951781737E-1
1.247500000E1,7.987783273E-1,9.615221876E-2,6.951781737E-1,9.269042316E-1
1.248333333E1,8.065025292E-1,1.038764207E-1,6.951781737E-1,4.634521158E-1
1.249166667E1,8.103646302E-1,1.038764207E-1,-6.951781737E-1,-4.634521158E-1
1.250000000E1,7.949162263E-1,9.615221876E-2,-1.853808463E0,-1.158630289E0
1.250833333E1,7.794678225E-1,8.456591587E-2,-1.853808463E0,-1.158630289E0
1.251666667E1,7.640194186E-1,7.684171394E-2,-1.622082405E0,-9.269042316E-1
1.252500000E1,7.524331157E-1,6.911751201E-2,-1.853808463E0,-6.951781737E-1
1.253333333E1,7.331226109E-1,6.525541105E-2,-2.548986637E0,-9.269042316E-1
1.254166667E1,7.099500051E-1,5.366910815E-2,-3.244164810E0,-1.622082405E0
1.255000000E1,6.790531974E-1,3.822070429E-2,-3.939342984E0,-1.390356347E0
1.255833333E1,6.442942887E-1,3.049650236E-2,-4.402795100E0,-0.000000000E0
1.256666667E1,6.056732790E-1,3.822070429E-2,-3.939342984E0,-0.000000000E0
1.257500000E1,5.786385723E-1,3.049650236E-2,-4.171069042E0,-1.158630289E0
1.258333333E1,5.361554617E-1,1.891019947E-2,-4.402795100E0,-6.951781737E-1
1.259166667E1,5.052586540E-1,1.891019947E-2,-4.634521158E0,-6.951781737E-1
1.260000000E1,4.589134424E-1,7.323896574E-3,-5.793151447E0,-6.951781737E-1
1.260833333E1,4.087061298E-1,7.323896574E-3,-5.329699331E0,-0.000000000E0
1.261666667E1,3.700851202E-1,7.323896574E-3,-5.468734966E1,-0.000000000E0
1.262500000E1,-5.027496979E-1,7.323896574E-3,-5.445562360E1,2.317260579E-1
1.263333333E1,-5.375086065E-1,1.118599754E-2,-4.171069042E0,4.634521158E-1
1.264166667E1,-5.722675152E-1,1.504809850E-2,-3.475890868E0,4.634521158E-1
1.265000000E1,-5.954401210E-1,1.891019947E-2,-3.707616926E0,9.269042316E-1
1.265833333E1,-6.340611307E-1,3.049650236E-2,-3.475890868E0,6.951781737E-1
1.266666667E1,-6.533716355E-1,3.049650236E-2,-3.012438753E0,2.317260579E-1
1.267500000E1,-6.842684432E-1,3.435860333E-2,-4.634521158E0,9.269042316E-1
1.268333333E1,-7.306136548E-1,4.594490622E-2,-4.402795100E0,9.269042316E-1
1.269166667E1,-7.576483615E-1,4.980700719E-2,-2.317260579E0,4.634521158E-1
1.270000000E1,-7.692346644E-1,5.366910815E-2,-1.158630289E0,6.951781737E-1
1.270833333E1,-7.769588664E-1,6.139331008E-2,-1.158630289E0,6.951781737E-1
1.271666667E1,-7.885451693E-1,6.525541105E-2,-1.158630289E0,4.634521158E-1
1.272500000E1,-7.962693712E-1,6.911751201E-2,-9.269042316E-1,6.951781737E-1
1.273333333E1,-8.039935731E-1,7.684171394E-2,2.317260579E-1,-0.000000000E0
1.274166667E1,-7.924072702E-1,6.911751201E-2,1.622082405E0,-1.158630289E0
1.275000000E1,-7.769588664E-1,5.753120912E-2,2.317260579E0,-1.158630289E0
1.275833333E1,-7.537862606E-1,4.980700719E-2,1.853808463E0,-4.634521158E-1
1.276666667E1,-7.460620586E-1,4.980700719E-2,1.853808463E0,-6.951781737E-1
1.277500000E1,-7.228894529E-1,3.822070429E-2,2.317260579E0,-1.158630289E0
1.278333333E1,-7.074410490E-1,3.049650236E-2,3.012438753E0,-6.951781737E-1
1.279166667E1,-6.726821403E-1,2.663440140E-2,3.939342984E0,-4.634521158E-1
1.280000000E1,-6.417853326E-1,2.277230043E-2,2.780712695E0,-2.317260579E-1
1.280833333E1,-6.263369287E-1,2.277230043E-2,1.622082405E0,-0.000000000E0
1.281666667E1,-6.147506258E-1,2.277230043E-2,2.548986637E0,-2.317260579E-1
1.282500000E1,-5.838538181E-1,1.891019947E-2,3.939342984E0,-4.634521158E-1
1.283333333E1,-5.490949094E-1,1.504809850E-2,4.402795100E0,-6.951781737E-1
1.284166667E1,-5.104738998E-1,7.323896574E-3,4.634521158E0,-4.634521158E-1
1.285000000E1,-4.718528901E-1,7.323896574E-3,4.634521158E0,-2.317260579E-1
1.285833333E1,-4.332318805E-1,3.461795609E-3,4.634521158E0,1.658861516E-14
1.286666667E1,-3.946108708E-1,7.323896574E-3,5.561425389E1,6.951781737E-1
1.287500000E1,4.936723511E-1,1.504809850E-2,5.491907572E1,6.951781737E-1
1.288333333E1,5.207070578E-1,1.891019947E-2,3.707616926E0,6.951781737E-1
1.289166667E1,5.554659665E-1,2.663440140E-2,4.171069042E0,6.951781737E-1
1.290000000E1,5.902248752E-1,3.049650236E-2,3.939342984E0,4.634521158E-1
1.290833333E1,6.211216829E-1,3.435860333E-2,3.475890868E0,4.634521158E-1
1.291666667E1,6.481563897E-1,3.822070429E-2,3.475890868E0,6.951781737E-1
1.292500000E1,6.790531974E-1,4.594490622E-2,3.012438753E0,9.269042316E-1
1.293333333E1,6.983637022E-1,5.366910815E-2,2.548986637E0,6.951781737E-1
1.294166667E1,7.215363080E-1,5.753120912E-2,2.085534521E0,4.634521158E-1
1.295000000E1,7.331226109E-1,6.139331008E-2,1.158630289E0,4.634521158E-1
1.295833333E1,7.408468128E-1,6.525541105E-2,9.269042316E-1,4.634521158E-1
1.296666667E1,7.485710147E-1,6.911751201E-2,1.158630289E0,4.634521158E-1
1.297500000E1,7.601573176E-1,7.297961298E-2,9.269042316E-1,2.317260579E-1
1.298333333E1,7.640194186E-1,7.297961298E-2,2.317260579E-1,-0.000000000E0
1.299166667E1,7.640194186E-1,7.297961298E-2,-4.634521158E-1,-0.000000000E0
1.300000000E1,7.562952167E-1,7.297961298E-2,-1.390356347E0,-4.634521158E-1
1.300833333E1,7.408468128E-1,6.525541105E-2,-1.622082405E0,-1.158630289E0
1.301666667E1,7.292605099E-1,5.366910815E-2,-2.317260579E0,-1.390356347E0
1.302500000E1,7.022258032E-1,4.208280526E-2,-2.548986637E0,-9.269042316E-1
1.303333333E1,6.867773993E-1,3.822070429E-2,-2.085534521E0,-6.951781737E-1
1.304166667E1,6.674668945E-1,3.049650236E-2,-2.780712695E0,-6.951781737E-1
1.305000000E1,6.404321877E-1,2.663440140E-2,-2.548986637E0,-2.317260579E-1
1.305833333E1,6.249837839E-1,2.663440140E-2,-2.548986637E0,-4.634521158E-1
1.306666667E1,5.979490771E-1,1.891019947E-2,-3.244164810E0,-6.951781737E-1
1.307500000E1,5.709143704E-1,1.504809850E-2,-3.475890868E0,-4.634521158E-1
1.308333333E1,5.400175626E-1,1.118599754E-2,-4.866247216E0,-2.317260579E-1
1.309166667E1,4.898102501E-1,1.118599754E-2,-4.866247216E0,-2.317260579E-1
1.310000000E1,4.589134424E-1,7.323896574E-3,-4.402795100E0,-2.317260579E-1
1.310833333E1,4.164303318E-1,7.323896574E-3,-5.329699331E0,-1.658861516E-14
1.311666667E1,3.700851202E-1,7.323896574E-3,-4.402795100E0,-0.000000000E0
1.312500000E1,3.430504134E-1,7.323896574E-3,-5.329699331E1,4.634521158E-1
1.313333333E1,-5.181981017E-1,1.504809850E-2,-5.329699331E1,6.951781737E-1
1.314166667E1,-5.452328085E-1,1.891019947E-2,-3.244164810E0,6.951781737E-1
1.315000000E1,-5.722675152E-1,2.663440140E-2,-3.244164810E0,9.269042316E-1
1.315833333E1,-5.993022220E-1,3.435860333E-2,-2.780712695E0,4.634521158E-1
1.316666667E1,-6.186127268E-1,3.435860333E-2,-2.780712695E0,2.317260579E-1
1.317500000E1,-6.456474336E-1,3.822070429E-2,-2.780712695E0,4.634521158E-1
1.318333333E1,-6.649579384E-1,4.208280526E-2,-2.085534521E0,2.317260579E-1
1.319166667E1,-6.804063422E-1,4.208280526E-2,-2.085534521E0,-0.000000000E0
1.320000000E1,-6.997168471E-1,4.208280526E-2,-2.317260579E0,4.634521158E-1
1.320833333E1,-7.190273519E-1,4.980700719E-2,-1.622082405E0,4.634521158E-1
1.321666667E1,-7.267515538E-1,4.980700719E-2,-1.390356347E0,-0.000000000E0
1.322500000E1,-7.421999577E-1,4.980700719E-2,-1.158630289E0,2.317260579E-1
1.323333333E1,-7.460620586E-1,5.366910815E-2,0.000000000E0,2.317260579E-1
1.324166667E1,-7.421999577E-1,5.366910815E-2,4.634521158E-1,-2.317260579E-1
1.325000000E1,-7.383378567E-1,4.980700719E-2,9.269042316E-1,-4.634521158E-1
1.325833333E1,-7.267515538E-1,4.594490622E-2,1.853808463E0,-6.951781737E-1
1.326666667E1,-7.074410490E-1,3.822070429E-2,2.317260579E0,-4.634521158E-1
1.327500000E1,-6.881305442E-1,3.822070429E-2,2.085534521E0,-2.317260579E-1
1.328333333E1,-6.726821403E-1,3.435860333E-2,1.622082405E0,-2.317260579E-1
1.329166667E1,-6.610958374E-1,3.435860333E-2,1.622082405E0,-2.317260579E-1
1.330000000E1,-6.456474336E-1,3.049650236E-2,1.622082405E0,-4.634521158E-1
1.330833333E1,-6.340611307E-1,2.663440140E-2,2.548986637E0,-6.951781737E-1
1.331666667E1,-6.031643229E-1,1.891019947E-2,3.939342984E0,-6.951781737E-1
1.332500000E1,-5.684054143E-1,1.504809850E-2,4.402795100E0,-2.317260579E-1
1.333333333E1,-5.297844046E-1,1.504809850E-2,4.634521158E0,-2.317260579E-1
1.334166667E1,-4.911633950E-1,1.118599754E-2,3.939342984E0,-4.634521158E-1
1.335000000E1,-4.641286882E-1,7.323896574E-3,3.475890868E0,-0.000000000E0
1.335833333E1,-4.332318805E-1,1.118599754E-2,4.634521158E0,2.317260579E-1
1.336666667E1,-3.868866689E-1,1.118599754E-2,4.866247216E0,-0.000000000E0
1.337500000E1,-3.521277602E-1,1.118599754E-2,5.445562360E1,4.634521158E-1
1.338333333E1,5.207070578E-1,1.891019947E-2,5.376044543E1,6.951781737E-1
1.339166667E1,5.438796636E-1,2.277230043E-2,2.780712695E0,2.317260579E-1
1.340000000E1,5.670522694E-1,2.277230043E-2,3.475890868E0,6.951781737E-1
1.340833333E1,6.018111781E-1,3.435860333E-2,3.012438753E0,4.634521158E-1
1.341666667E1,6.172595819E-1,3.049650236E-2,2.085534521E0,2.317260579E-1
1.342500000E1,6.365700868E-1,3.822070429E-2,2.085534521E0,6.951781737E-1
1.343333333E1,6.520184906E-1,4.208280526E-2,1.853808463E0,2.317260579E-1
1.344166667E1,6.674668945E-1,4.208280526E-2,1.853808463E0,2.317260579E-1
1.345000000E1,6.829152983E-1,4.594490622E-2,1.622082405E0,2.317260579E-1
1.345833333E1,6.945016012E-1,4.594490622E-2,1.853808463E0,-0.000000000E0
1.346666667E1,7.138121061E-1,4.594490622E-2,1.622082405E0,2.317260579E-1
1.347500000E1,7.215363080E-1,4.980700719E-2,4.634521158E-1,2.317260579E-1
1.348333333E1,7.215363080E-1,4.980700719E-2,-2.317260579E-1,1.658861516E-14
1.349166667E1,7.176742070E-1,4.980700719E-2,-6.951781737E-1,-2.317260579E-1
1.350000000E1,7.099500051E-1,4.594490622E-2,-4.634521158E-1,-2.317260579E-1
1.350833333E1,7.099500051E-1,4.594490622E-2,-1.158630289E0,-2.317260579E-1
1.351666667E1,6.906395003E-1,4.208280526E-2,-2.085534521E0,-6.951781737E-1
1.352500000E1,6.751910964E-1,3.435860333E-2,-2.317260579E0,-6.951781737E-1
1.353333333E1,6.520184906E-1,3.049650236E-2,-2.317260579E0,-4.634521158E-1
1.354166667E1,6.365700868E-1,2.663440140E-2,-1.158630289E0,-4.634521158E-1
1.355000000E1,6.327079858E-1,2.277230043E-2,-3.012438753E0,-0.000000000E0
1.355833333E1,5.863627742E-1,2.663440140E-2,-3.707616926E0,-0.000000000E0
1.356666667E1,5.709143704E-1,2.277230043E-2,-2.548986637E0,-4.634521158E-1
1.357500000E1,5.438796636E-1,1.891019947E-2,-3.475890868E0,-2.317260579E-1
1.358333333E1,5.129828559E-1,1.891019947E-2,-3.939342984E0,-1.658861516E-14
1.359166667E1,4.782239472E-1,1.891019947E-2,-3.475890868E0,1.658861516E-14
1.360000000E1,4.550513414E-1,1.891019947E-2,-3.707616926E0,-2.317260579E-1
1.360833333E1,4.164303318E-1,1.504809850E-2,-3.939342984E0,-2.317260579E-1
1.361666667E1,3.893956250E-1,1.504809850E-2,-4.171069042E0,-0.000000000E0
1.362500000E1,3.469125144E-1,1.504809850E-2,-5.376044543E1,-0.000000000E0
1.363333333E1,-5.066117988E-1,1.504809850E-2,-5.213836302E1,-0.000000000E0
1.364166667E1,-5.220602027E-1,1.504809850E-2,-2.780712695E0,4.634521158E-1
1.365000000E1,-5.529570104E-1,2.277230043E-2,-3.244164810E0,4.634521158E-1
1.365833333E1,-5.761296162E-1,2.277230043E-2,-2.548986637E0,2.317260579E-1
1.366666667E1,-5.954401210E-1,2.663440140E-2,-2.548986637E0,2.317260579E-1
1.367500000E1,-6.186127268E-1,2.663440140E-2,-2.780712695E0,2.317260579E-1
1.368333333E1,-6.417853326E-1,3.049650236E-2,-2.317260579E0,2.317260579E-1
1.369166667E1,-6.572337364E-1,3.049650236E-2,-1.622082405E0,2.317260579E-1
1.370000000E1,-6.688200393E-1,3.435860333E-2,-1.622082405E0,6.951781737E-1
1.370833333E1,-6.842684432E-1,4.208280526E-2,-1.390356347E0,4.634521158E-1
1.371666667E1,-6.919926451E-1,4.208280526E-2,-1.158630289E0,2.317260579E-1
1.372500000E1,-7.035789480E-1,4.594490622E-2,-6.951781737E-1,2.317260579E-1
1.373333333E1,-7.035789480E-1,4.594490622E-2,4.634521158E-1,-4.634521158E-1
1.374166667E1,-6.958547461E-1,3.822070429E-2,1.853808463E0,-9.269042316E-1
1.375000000E1,-6.726821403E-1,3.049650236E-2,1.158630289E0,-2.317260579E-1
1.375833333E1,-6.765442413E-1,3.435860333E-2,9.269042316E-1,-2.317260579E-1
1.376666667E1,-6.572337364E-1,2.663440140E-2,1.622082405E0,-6.951781737E-1
1.377500000E1,-6.495095345E-1,2.277230043E-2,1.390356347E0,-2.317260579E-1
1.378333333E1,-6.340611307E-1,2.277230043E-2,1.622082405E0,-4.634521158E-1
1.379166667E1,-6.224748278E-1,1.504809850E-2,1.853808463E0,-6.951781737E-1
1.380000000E1,-6.031643229E-1,1.118599754E-2,1.853808463E0,-2.317260579E-1
1.380833333E1,-5.915780200E-1,1.118599754E-2,2.317260579E0,-4.634521158E-1
1.381666667E1,-5.645433133E-1,3.461795609E-3,3.012438753E0,-4.634521158E-1
1.382500000E1,-5.413707075E-1,3.461795609E-3,2.780712695E0,-0.000000000E0
1.383333333E1,-5.181981017E-1,3.461795609E-3,3.244164810E0,-0.000000000E0
1.384166667E1,-4.873012940E-1,3.461795609E-3,3.475890868E0,1.658861516E-14
1.385000000E1,-4.602665872E-1,3.461795609E-3,4.402795100E0,1.658861516E-14
1.385833333E1,-4.139213757E-1,3.461795609E-3,3.939342984E0,-1.658861516E-14
1.386666667E1,-3.946108708E-1,3.461795609E-3,2.780712695E0,-1.658861516E-14
1.387500000E1,-3.675761641E-1,3.461795609E-3,5.376044543E1,2.317260579E-1
1.388333333E1,5.013965530E-1,7.323896574E-3,5.352871937E1,6.951781737E-1
1.389166667E1,5.245691588E-1,1.504809850E-2,2.780712695E0,4.634521158E-1
1.390000000E1,5.477417646E-1,1.504809850E-2,2.780712695E0,2.317260579E-1
1.390833333E1,5.709143704E-1,1.891019947E-2,3.012438753E0,4.634521158E-1
1.391666667E1,5.979490771E-1,2.277230043E-2,2.317260579E0,2.317260579E-1
1.392500000E1,6.095353800E-1,2.277230043E-2,1.390356347E0,2.317260579E-1
1.393333333E1,6.211216829E-1,2.663440140E-2,1.390356347E0,6.951781737E-1
1.394166667E1,6.327079858E-1,3.435860333E-2,1.390356347E0,6.951781737E-1
1.395000000E1,6.442942887E-1,3.822070429E-2,1.158630289E0,4.634521158E-1
1.395833333E1,6.520184906E-1,4.208280526E-2,1.158630289E0,2.317260579E-1
1.396666667E1,6.636047935E-1,4.208280526E-2,1.158630289E0,2.317260579E-1
1.397500000E1,6.713289954E-1,4.594490622E-2,6.951781737E-1,-0.000000000E0
1.398333333E1,6.751910964E-1,4.208280526E-2,-2.317260579E-1,-6.951781737E-1
1.399166667E1,6.674668945E-1,3.435860333E-2,-6.951781737E-1,-6.951781737E-1
1.400000000E1,6.636047935E-1,3.049650236E-2,-1.390356347E0,-6.951781737E-1
1.400833333E1,6.442942887E-1,2.277230043E-2,-1.158630289E0,-4.634521158E-1
1.401666667E1,6.442942887E-1,2.277230043E-2,-6.951781737E-1,-4.634521158E-1
1.402500000E1,6.327079858E-1,1.504809850E-2,-1.158630289E0,-6.951781737E-1
1.403333333E1,6.249837839E-1,1.118599754E-2,-1.390356347E0,-4.634521158E-1
1.404166667E1,6.095353800E-1,7.323896574E-3,-2.085534521E0,-2.317260579E-1
1.405000000E1,5.902248752E-1,7.323896574E-3,-2.317260579E0,-0.000000000E0
1.405833333E1,5.709143704E-1,7.323896574E-3,-2.317260579E0,-0.000000000E0
1.406666667E1,5.516038655E-1,7.323896574E-3,-2.085534521E0,-0.000000000E0
1.407500000E1,5.361554617E-1,7.323896574E-3,-3.012438753E0,-0.000000000E0
1.408333333E1,5.013965530E-1,7.323896574E-3,-3.707616926E0,-0.000000000E0
1.409166667E1,4.743618462E-1,7.323896574E-3,-3.012438753E0,-0.000000000E0
1.410000000E1,4.511892405E-1,7.323896574E-3,-2.780712695E0,-0.000000000E0
1.410833333E1,4.280166347E-1,7.323896574E-3,-3.244164810E0,2.317260579E-1
1.411666667E1,3.971198269E-1,1.118599754E-2,-3.012438753E0,2.317260579E-1
1.412500000E1,3.778093221E-1,1.118599754E-2,-3.707616926E0,-0.000000000E0
1.413333333E1,3.353262115E-1,1.118599754E-2,-5.399217149E1,2.317260579E-1
1.414166667E1,-5.220602027E-1,1.504809850E-2,-5.260181514E1,2.317260579E-1
1.415000000E1,-5.413707075E-1,1.504809850E-2,-2.317260579E0,4.634521158E-1
1.415833333E1,-5.606812123E-1,2.277230043E-2,-2.317260579E0,4.634521158E-1
1.416666667E1,-5.799917172E-1,2.277230043E-2,-2.317260579E0,2.317260579E-1
1.417500000E1,-5.993022220E-1,2.663440140E-2,-2.085534521E0,2.317260579E-1
1.418333333E1,-6.147506258E-1,2.663440140E-2,-1.853808463E0,4.634521158E-1
1.419166667E1,-6.301990297E-1,3.435860333E-2,-1.853808463E0,6.951781737E-1
1.420000000E1,-6.456474336E-1,3.822070429E-2,-1.622082405E0,4.634521158E-1
1.420833333E1,-6.572337364E-1,4.208280526E-2,-9.269042316E-1,2.317260579E-1
1.421666667E1,-6.610958374E-1,4.208280526E-2,-2.317260579E-1,2.317260579E-1
1.422500000E1,-6.610958374E-1,4.594490622E-2,-4.634521158E-1,2.317260579E-1
1.423333333E1,-6.688200393E-1,4.594490622E-2,-2.317260579E-1,-2.317260579E-1
1.424166667E1,-6.649579384E-1,4.208280526E-2,9.269042316E-1,-4.634521158E-1
1.425000000E1,-6.533716355E-1,3.822070429E-2,1.158630289E0,-2.317260579E-1
1.425833333E1,-6.456474336E-1,3.822070429E-2,9.269042316E-1,-2.317260579E-1
1.426666667E1,-6.379232316E-1,3.435860333E-2,9.269042316E-1,-2.317260579E-1
1.427500000E1,-6.301990297E-1,3.435860333E-2,1.158630289E0,1.658861516E-14
1.428333333E1,-6.186127268E-1,3.435860333E-2,1.853808463E0,-2.317260579E-1
1.429166667E1,-5.993022220E-1,3.049650236E-2,2.548986637E0,-2.317260579E-1
1.430000000E1,-5.761296162E-1,3.049650236E-2,2.317260579E0,-4.634521158E-1
1.430833333E1,-5.606812123E-1,2.277230043E-2,1.853808463E0,-4.634521158E-1
1.431666667E1,-5.452328085E-1,2.277230043E-2,1.853808463E0,1.658861516E-14
1.432500000E1,-5.297844046E-1,2.277230043E-2,2.317260579E0,-2.317260579E-1
1.433333333E1,-5.066117988E-1,1.891019947E-2,2.780712695E0,-2.317260579E-1
1.434166667E1,-4.834391930E-1,1.891019947E-2,3.012438753E0,-0.000000000E0
1.435000000E1,-4.564044863E-1,1.891019947E-2,4.171069042E0,-2.317260579E-1
1.435833333E1,-4.139213757E-1,1.504809850E-2,3.939342984E0,-2.317260579E-1
1.436666667E1,-3.907487699E-1,1.504809850E-2,2.780712695E0,-0.000000000E0
1.437500000E1,-3.675761641E-1,1.504809850E-2,3.475890868E0,2.317260579E-1
1.438333333E1,-3.328172554E-1,1.891019947E-2,5.352871937E1,4.634521158E-1
1.439166667E1,5.245691588E-1,2.277230043E-2,5.329699331E1,9.269042316E-1
1.440000000E1,5.554659665E-1,3.435860333E-2,3.012438753E0,6.951781737E-1
1.440833333E1,5.747764713E-1,3.435860333E-2,2.085534521E0,2.317260579E-1
1.441666667E1,5.902248752E-1,3.822070429E-2,1.622082405E0,2.317260579E-1
1.442500000E1,6.018111781E-1,3.822070429E-2,1.390356347E0,2.317260579E-1
1.443333333E1,6.133974810E-1,4.208280526E-2,1.158630289E0,2.317260579E-1
1.444166667E1,6.211216829E-1,4.208280526E-2,9.269042316E-1,-0.000000000E0
1.445000000E1,6.288458848E-1,4.208280526E-2,4.634521158E-1,-0.000000000E0
1.445833333E1,6.288458848E-1,4.208280526E-2,2.317260579E-1,-0.000000000E0
1.446666667E1,6.327079858E-1,4.208280526E-2,6.951781737E-1,-0.000000000E0
1.447500000E1,6.404321877E-1,4.208280526E-2,0.000000000E0,-2.317260579E-1
1.448333333E1,6.327079858E-1,3.822070429E-2,-6.951781737E-1,-6.951781737E-1
1.449166667E1,6.288458848E-1,3.049650236E-2,-4.634521158E-1,-4.634521158E-1
1.450000000E1,6.249837839E-1,3.049650236E-2,-9.269042316E-1,-2.317260579E-1
1.450833333E1,6.133974810E-1,2.663440140E-2,-1.158630289E0,-4.634521158E-1
1.451666667E1,6.056732790E-1,2.277230043E-2,-1.390356347E0,-2.317260579E-1
1.452500000E1,5.902248752E-1,2.277230043E-2,-1.622082405E0,-0.000000000E0
1.453333333E1,5.786385723E-1,2.277230043E-2,-1.390356347E0,-2.317260579E-1
1.454166667E1,5.670522694E-1,1.891019947E-2,-1.853808463E0,-6.951781737E-1
1.455000000E1,5.477417646E-1,1.118599754E-2,-1.853808463E0,-6.951781737E-1
1.455833333E1,5.361554617E-1,7.323896574E-3,-1.158630289E0,-4.634521158E-1
1.456666667E1,5.284312597E-1,3.461795609E-3,-2.085534521E0,-2.317260579E-1
1.457500000E1,5.013965530E-1,3.461795609E-3,-3.475890868E0,-0.000000000E0
1.458333333E1,4.704997453E-1,3.461795609E-3,-3.012438753E0,-0.000000000E0
1.459166667E1,4.511892405E-1,3.461795609E-3,-2.780712695E0,-0.000000000E0
1.460000000E1,4.241545337E-1,3.461795609E-3,-2.780712695E0,2.317260579E-1
1.460833333E1,4.048440289E-1,7.323896574E-3,-2.548986637E0,4.634521158E-1
1.461666667E1,3.816714231E-1,1.118599754E-2,-2.317260579E0,2.317260579E-1
1.462500000E1,3.662230192E-1,1.118599754E-2,-2.085534521E0,-0.000000000E0
1.463333333E1,3.469125144E-1,1.118599754E-2,-5.306526726E1,-2.317260579E-1
1.464166667E1,-5.181981017E-1,7.323896574E-3,-5.260181514E1,-2.317260579E-1
1.465000000E1,-5.297844046E-1,7.323896574E-3,-2.085534521E0,4.634521158E-1
1.465833333E1,-5.529570104E-1,1.504809850E-2,-2.317260579E0,4.634521158E-1
1.466666667E1,-5.684054143E-1,1.504809850E-2,-1.853808463E0,2.317260579E-1
1.467500000E1,-5.838538181E-1,1.891019947E-2,-1.622082405E0,4.634521158E-1
1.468333333E1,-5.954401210E-1,2.277230043E-2,-1.158630289E0,4.634521158E-1
1.469166667E1,-6.031643229E-1,2.663440140E-2,-6.951781737E-1,4.634521158E-1
1.470000000E1,-6.070264239E-1,3.049650236E-2,-9.269042316E-1,6.951781737E-1
1.470833333E1,-6.186127268E-1,3.822070429E-2,-6.951781737E-1,4.634521158E-1
1.471666667E1,-6.186127268E-1,3.822070429E-2,0.000000000E0,1.658861516E-14
1.472500000E1,-6.186127268E-1,3.822070429E-2,-2.317260579E-1,-0.000000000E0
1.473333333E1,-6.224748278E-1,3.822070429E-2,0.000000000E0,-1.658861516E-14
1.474166667E1,-6.186127268E-1,3.822070429E-2,4.634521158E-1,-0.000000000E0
1.475000000E1,-6.147506258E-1,3.822070429E-2,6.951781737E-1,-4.634521158E-1
1.475833333E1,-6.070264239E-1,3.049650236E-2,9.269042316E-1,-4.634521158E-1
1.476666667E1,-5.993022220E-1,3.049650236E-2,6.951781737E-1,-2.317260579E-1
1.477500000E1,-5.954401210E-1,2.663440140E-2,1.158630289E0,-4.634521158E-1
1.478333333E1,-5.799917172E-1,2.277230043E-2,1.622082405E0,-2.317260579E-1
1.479166667E1,-5.684054143E-1,2.277230043E-2,1.853808463E0,-2.317260579E-1
1.480000000E1,-5.490949094E-1,1.891019947E-2,2.317260579E0,-6.951781737E-1
1.480833333E1,-5.297844046E-1,1.118599754E-2,2.548986637E0,-4.634521158E-1
1.481666667E1,-5.066117988E-1,1.118599754E-2,2.548986637E0,2.317260579E-1
1.482500000E1,-4.873012940E-1,1.504809850E-2,2.548986637E0,2.317260579E-1
1.483333333E1,-4.641286882E-1,1.504809850E-2,2.317260579E0,-0.000000000E0
1.484166667E1,-4.486802843E-1,1.504809850E-2,2.317260579E0,-0.000000000E0
1.485000000E1,-4.255076786E-1,1.504809850E-2,3.012438753E0,-0.000000000E0
1.485833333E1,-3.984729718E-1,1.504809850E-2,3.012438753E0,-0.000000000E0
1.486666667E1,-3.753003660E-1,1.504809850E-2,2.085534521E0,-0.000000000E0
1.487500000E1,-3.637140631E-1,1.504809850E-2,1.853808463E0,-0.000000000E0
1.488333333E1,-3.444035583E-1,1.504809850E-2,5.306526726E1,4.634521158E-1
1.489166667E1,5.207070578E-1,2.277230043E-2,5.260181514E1,4.634521158E-1
1.490000000E1,5.322933607E-1,2.277230043E-2,1.390356347E0,2.317260579E-1
1.490833333E1,5.438796636E-1,2.663440140E-2,1.390356347E0,2.317260579E-1
1.491666667E1,5.554659665E-1,2.663440140E-2,1.390356347E0,-0.000000000E0
1.492500000E1,5.670522694E-1,2.663440140E-2,1.390356347E0,2.317260579E-1
1.493333333E1,5.786385723E-1,3.049650236E-2,1.158630289E0,2.317260579E-1
1.494166667E1,5.863627742E-1,3.049650236E-2,6.951781737E-1,-0.000000000E0
1.495000000E1,5.902248752E-1,3.049650236E-2,4.634521158E-1,-0.000000000E0
1.495833333E1,5.940869761E-1,3.049650236E-2,2.317260579E-1,2.317260579E-1
1.496666667E1,5.940869761E-1,3.435860333E-2,2.317260579E-1,2.317260579E-1
1.497500000E1,5.979490771E-1,3.435860333E-2,0.000000000E0,-2.317260579E-1
1.498333333E1,5.940869761E-1,3.049650236E-2,-6.951781737E-1,-6.951781737E-1
1.499166667E1,5.863627742E-1,2.277230043E-2,-9.269042316E-1,-4.634521158E-1
1.500000000E1,5.786385723E-1,2.277230043E-2,-6.951781737E-1,-0.000000000E0
1.500833333E1,5.747764713E-1,2.277230043E-2,-1.158630289E0,-2.317260579E-1
1.501666667E1,5.593280675E-1,1.891019947E-2,-1.390356347E0,-2.317260579E-1
1.502500000E1,5.516038655E-1,1.891019947E-2,-9.269042316E-1,-0.000000000E0
1.503333333E1,5.438796636E-1,1.891019947E-2,-1.158630289E0,-0.000000000E0
1.504166667E1,5.322933607E-1,1.891019947E-2,-1.390356347E0,1.658861516E-14
1.505000000E1,5.207070578E-1,1.891019947E-2,-2.085534521E0,-0.000000000E0
1.505833333E1,4.975344520E-1,1.891019947E-2,-2.085534521E0,-0.000000000E0
1.506666667E1,4.859481491E-1,1.891019947E-2,-1.853808463E0,-0.000000000E0
1.507500000E1,4.666376443E-1,1.891019947E-2,-2.085534521E0,-2.317260579E-1
1.508333333E1,4.511892405E-1,1.504809850E-2,-2.548986637E0,-4.634521158E-1
1.509166667E1,4.241545337E-1,1.118599754E-2,-2.780712695E0,-2.317260579E-1
1.510000000E1,4.048440289E-1,1.118599754E-2,-2.317260579E0,-0.000000000E0
1.510833333E1,3.855335240E-1,1.118599754E-2,-1.622082405E0,-0.000000000E0
1.511666667E1,3.778093221E-1,1.118599754E-2,-1.622082405E0,-2.317260579E-1
1.512500000E1,3.584988173E-1,7.323896574E-3,-2.085534521E0,-2.317260579E-1
1.513333333E1,3.430504134E-1,7.323896574E-3,-2.085534521E0,-0.000000000E0
1.514166667E1,3.237399086E-1,7.323896574E-3,-5.167491091E1,-2.317260579E-1
1.515000000E1,-5.181981017E-1,3.461795609E-3,-5.167491091E1,-0.000000000E0
1.515833333E1,-5.375086065E-1,7.323896574E-3,-1.853808463E0,2.317260579E-1
1.516666667E1,-5.490949094E-1,7.323896574E-3,-1.390356347E0,2.317260579E-1
1.517500000E1,-5.606812123E-1,1.118599754E-2,-1.158630289E0,4.634521158E-1
1.518333333E1,-5.684054143E-1,1.504809850E-2,-6.951781737E-1,2.317260579E-1
1.519166667E1,-5.722675152E-1,1.504809850E-2,-4.634521158E-1,2.317260579E-1
1.520000000E1,-5.761296162E-1,1.891019947E-2,-6.951781737E-1,4.634521158E-1
1.520833333E1,-5.838538181E-1,2.277230043E-2,-6.951781737E-1,2.317260579E-1
1.521666667E1,-5.877159191E-1,2.277230043E-2,4.634521158E-1,-2.317260579E-1
1.522500000E1,-5.761296162E-1,1.891019947E-2,9.269042316E-1,-2.317260579E-1
1.523333333E1,-5.722675152E-1,1.891019947E-2,6.951781737E-1,-2.317260579E-1
1.524166667E1,-5.645433133E-1,1.504809850E-2,9.269042316E-1,-4.634521158E-1
1.525000000E1,-5.568191114E-1,1.118599754E-2,9.269042316E-1,-2.317260579E-1
1.525833333E1,-5.490949094E-1,1.118599754E-2,9.269042316E-1,-0.000000000E0
1.526666667E1,-5.413707075E-1,1.118599754E-2,4.634521158E-1,-0.000000000E0
1.527500000E1,-5.413707075E-1,1.118599754E-2,4.634521158E-1,-2.317260579E-1
1.528333333E1,-5.336465056E-1,7.323896574E-3,1.390356347E0,-2.317260579E-1
1.529166667E1,-5.181981017E-1,7.323896574E-3,1.390356347E0,1.658861516E-14
1.530000000E1,-5.104738998E-1,7.323896574E-3,1.390356347E0,-0.000000000E0
1.530833333E1,-4.950254959E-1,7.323896574E-3,2.085534521E0,-1.658861516E-14
1.531666667E1,-4.757149911E-1,7.323896574E-3,2.085534521E0,-0.000000000E0
1.532500000E1,-4.602665872E-1,7.323896574E-3,1.853808463E0,-0.000000000E0
1.533333333E1,-4.448181834E-1,7.323896574E-3,2.085534521E0,-0.000000000E0
1.534166667E1,-4.255076786E-1,7.323896574E-3,2.085534521E0,-0.000000000E0
1.535000000E1,-4.100592747E-1,7.323896574E-3,2.085534521E0,-1.658861516E-14
1.535833333E1,-3.907487699E-1,7.323896574E-3,2.780712695E0,1.658861516E-14
1.536666667E1,-3.637140631E-1,7.323896574E-3,2.317260579E0,1.658861516E-14
1.537500000E1,-3.521277602E-1,7.323896574E-3,1.853808463E0,-0.000000000E0
1.538333333E1,-3.328172554E-1,7.323896574E-3,5.213836302E1,2.317260579E-1
1.539166667E1,5.168449569E-1,1.118599754E-2,5.167491091E1,6.951781737E-1
1.540000000E1,5.284312597E-1,1.891019947E-2,1.622082405E0,4.634521158E-1
1.540833333E1,5.438796636E-1,1.891019947E-2,9.269042316E-1,2.317260579E-1
1.541666667E1,5.438796636E-1,2.277230043E-2,4.634521158E-1,4.634521158E-1
1.542500000E1,5.516038655E-1,2.663440140E-2,1.622082405E0,4.634521158E-1
1.543333333E1,5.709143704E-1,3.049650236E-2,1.390356347E0,2.317260579E-1
1.544166667E1,5.747764713E-1,3.049650236E-2,4.634521158E-1,2.317260579E-1
1.545000000E1,5.786385723E-1,3.435860333E-2,0.000000000E0,2.317260579E-1
1.545833333E1,5.747764713E-1,3.435860333E-2,-2.317260579E-1,-2.317260579E-1
1.546666667E1,5.747764713E-1,3.049650236E-2,-6.951781737E-1,-2.317260579E-1
1.547500000E1,5.631901684E-1,3.049650236E-2,-6.951781737E-1,-0.000000000E0
1.548333333E1,5.631901684E-1,3.049650236E-2,0.000000000E0,-2.317260579E-1
1.549166667E1,5.631901684E-1,2.663440140E-2,-4.634521158E-1,-2.317260579E-1
1.550000000E1,5.554659665E-1,2.663440140E-2,-9.269042316E-1,-2.317260579E-1
1.550833333E1,5.477417646E-1,2.277230043E-2,-1.853808463E0,-2.317260579E-1
1.551666667E1,5.245691588E-1,2.277230043E-2,-1.853808463E0,-0.000000000E0
1.552500000E1,5.168449569E-1,2.277230043E-2,-9.269042316E-1,-2.317260579E-1
1.553333333E1,5.091207549E-1,1.891019947E-2,-1.622082405E0,-6.951781737E-1
1.554166667E1,4.898102501E-1,1.118599754E-2,-1.622082405E0,-6.951781737E-1
1.555000000E1,4.820860482E-1,7.323896574E-3,-1.622082405E0,-4.634521158E-1
1.555833333E1,4.627755433E-1,3.461795609E-3,-1.853808463E0,-2.317260579E-1
1.556666667E1,4.511892405E-1,3.461795609E-3,-1.390356347E0,-0.000000000E0
1.557500000E1,4.396029376E-1,3.461795609E-3,-1.390356347E0,-0.000000000E0
1.558333333E1,4.280166347E-1,3.461795609E-3,-2.085534521E0,-0.000000000E0
1.559166667E1,4.048440289E-1,3.461795609E-3,-2.317260579E0,-0.000000000E0
1.560000000E1,3.893956250E-1,3.461795609E-3,-1.390356347E0,-2.317260579E-1
1.560833333E1,3.816714231E-1,-4.003053555E-4,-1.390356347E0,-2.317260579E-1
1.561666667E1,3.662230192E-1,-4.003053555E-4,-2.317260579E0,-0.000000000E0
1.562500000E1,3.430504134E-1,-4.003053555E-4,-1.622082405E0,-0.000000000E0
1.563333333E1,3.391883125E-1,-4.003053555E-4,-6.951781737E-1,-0.000000000E0
1.564166667E1,3.314641105E-1,-4.003053555E-4,-2.317260579E0,-0.000000000E0
1.565000000E1,3.005673028E-1,-4.003053555E-4,-5.167491091E1,6.951781737E-1
1.565833333E1,-5.297844046E-1,1.118599754E-2,-5.005282850E1,6.951781737E-1
1.566666667E1,-5.336465056E-1,1.118599754E-2,-1.158630289E0,2.317260579E-1
1.567500000E1,-5.490949094E-1,1.504809850E-2,-9.269042316E-1,2.317260579E-1
1.568333333E1,-5.490949094E-1,1.504809850E-2,-6.951781737E-1,2.317260579E-1
1.569166667E1,-5.606812123E-1,1.891019947E-2,-6.951781737E-1,2.317260579E-1
1.570000000E1,-5.606812123E-1,1.891019947E-2,0.000000000E0,-0.000000000E0
1.570833333E1,-5.606812123E-1,1.891019947E-2,-2.317260579E-1,4.634521158E-1
1.571666667E1,-5.645433133E-1,2.663440140E-2,0.000000000E0,1.658861516E-14
1.572500000E1,-5.606812123E-1,1.891019947E-2,1.158630289E0,-6.951781737E-1
1.573333333E1,-5.452328085E-1,1.504809850E-2,1.390356347E0,-6.951781737E-1
1.574166667E1,-5.375086065E-1,7.323896574E-3,4.634521158E-1,-4.634521158E-1
1.575000000E1,-5.375086065E-1,7.323896574E-3,4.634521158E-1,-0.000000000E0
1.575833333E1,-5.297844046E-1,7.323896574E-3,9.269042316E-1,-0.000000000E0
1.576666667E1,-5.220602027E-1,7.323896574E-3,6.951781737E-1,-0.000000000E0
1.577500000E1,-5.181981017E-1,7.323896574E-3,9.269042316E-1,-0.000000000E0
1.578333333E1,-5.066117988E-1,7.323896574E-3,1.390356347E0,-0.000000000E0
1.579166667E1,-4.950254959E-1,7.323896574E-3,1.622082405E0,-0.000000000E0
1.580000000E1,-4.795770921E-1,7.323896574E-3,1.390356347E0,1.658861516E-14
1.580833333E1,-4.718528901E-1,7.323896574E-3,1.622082405E0,-1.658861516E-14
1.581666667E1,-4.525423853E-1,7.323896574E-3,1.390356347E0,-0.000000000E0
1.582500000E1,-4.486802843E-1,7.323896574E-3,1.158630289E0,1.658861516E-14
1.583333333E1,-4.332318805E-1,7.323896574E-3,1.853808463E0,2.317260579E-1
1.584166667E1,-4.177834766E-1,1.118599754E-2,2.085534521E0,2.317260579E-1
1.585000000E1,-3.984729718E-1,1.118599754E-2,1.853808463E0,-0.000000000E0
1.585833333E1,-3.868866689E-1,1.118599754E-2,2.085534521E0,-2.317260579E-1
1.586666667E1,-3.637140631E-1,7.323896574E-3,2.780712695E0,-2.317260579E-1
1.587500000E1,-3.405414573E-1,7.323896574E-3,3.244164810E0,-0.000000000E0
1.588333333E1,-3.096446496E-1,7.323896574E-3,5.097973274E1,4.634521158E-1
1.589166667E1,5.091207549E-1,1.504809850E-2,5.028455456E1,4.634521158E-1
1.590000000E1,5.284312597E-1,1.504809850E-2,1.853808463E0,2.317260579E-1
1.590833333E1,5.400175626E-1,1.891019947E-2,9.269042316E-1,2.317260579E-1
1.591666667E1,5.438796636E-1,1.891019947E-2,2.317260579E-1,2.317260579E-1
1.592500000E1,5.438796636E-1,2.277230043E-2,4.634521158E-1,4.634521158E-1
1.593333333E1,5.516038655E-1,2.663440140E-2,6.951781737E-1,2.317260579E-1
1.594166667E1,5.554659665E-1,2.663440140E-2,0.000000000E0,-2.317260579E-1
1.595000000E1,5.516038655E-1,2.277230043E-2,-2.317260579E-1,-2.317260579E-1
1.595833333E1,5.516038655E-1,2.277230043E-2,-2.317260579E-1,-1.658861516E-14
1.596666667E1,5.477417646E-1,2.277230043E-2,-2.317260579E-1,-0.000000000E0
1.597500000E1,5.477417646E-1,2.277230043E-2,-4.634521158E-1,1.658861516E-14
1.598333333E1,5.400175626E-1,2.277230043E-2,-9.269042316E-1,-0.000000000E0
1.599166667E1,5.322933607E-1,2.277230043E-2,-6.951781737E-1,-2.317260579E-1
1.600000000E1,5.284312597E-1,1.891019947E-2,-6.951781737E-1,-2.317260579E-1
1.600833333E1,5.207070578E-1,1.891019947E-2,-9.269042316E-1,-0.000000000E0
1.601666667E1,5.129828559E-1,1.891019947E-2,-1.390356347E0,-2.317260579E-1
1.602500000E1,4.975344520E-1,1.504809850E-2,-1.622082405E0,-4.634521158E-1
1.603333333E1,4.859481491E-1,1.118599754E-2,-1.622082405E0,-2.317260579E-1
1.604166667E1,4.704997453E-1,1.118599754E-2,-2.085534521E0,-0.000000000E0
1.605000000E1,4.511892405E-1,1.118599754E-2,-2.317260579E0,-2.317260579E-1
1.605833333E1,4.318787356E-1,7.323896574E-3,-1.853808463E0,-4.634521158E-1
1.606666667E1,4.202924327E-1,3.461795609E-3,-1.622082405E0,-2.317260579E-1
1.607500000E1,4.048440289E-1,3.461795609E-3,-9.269042316E-1,-0.000000000E0
1.608333333E1,4.048440289E-1,3.461795609E-3,-6.951781737E-1,-0.000000000E0
1.609166667E1,3.932577260E-1,3.461795609E-3,-1.390356347E0,-0.000000000E0
1.610000000E1,3.816714231E-1,3.461795609E-3,-1.390356347E0,-0.000000000E0
1.610833333E1,3.700851202E-1,3.461795609E-3,-1.390356347E0,2.317260579E-1
1.611666667E1,3.584988173E-1,7.323896574E-3,-1.390356347E0,2.317260579E-1
1.612500000E1,3.469125144E-1,7.323896574E-3,-9.269042316E-1,-0.000000000E0
1.613333333E1,3.430504134E-1,7.323896574E-3,-1.390356347E0,-0.000000000E0
1.614166667E1,3.237399086E-1,7.323896574E-3,-5.167491091E1,2.317260579E-1
1.615000000E1,-5.181981017E-1,1.118599754E-2,-5.074800668E1,2.317260579E-1
1.615833333E1,-5.220602027E-1,1.118599754E-2,-9.269042316E-1,-0.000000000E0
1.616666667E1,-5.336465056E-1,1.118599754E-2,-1.390356347E0,-0.000000000E0
1.617500000E1,-5.452328085E-1,1.118599754E-2,-9.269042316E-1,2.317260579E-1
1.618333333E1,-5.490949094E-1,1.504809850E-2,-6.951781737E-1,2.317260579E-1
1.619166667E1,-5.568191114E-1,1.504809850E-2,0.000000000E0,-0.000000000E0
1.620000000E1,-5.490949094E-1,1.504809850E-2,1.158630289E0,-0.000000000E0
1.620833333E1,-5.375086065E-1,1.504809850E-2,1.390356347E0,2.317260579E-1
1.621666667E1,-5.259223036E-1,1.891019947E-2,1.158630289E0,-0.000000000E0
1.622500000E1,-5.181981017E-1,1.504809850E-2,6.951781737E-1,-4.634521158E-1
1.623333333E1,-5.143360008E-1,1.118599754E-2,2.317260579E-1,-2.317260579E-1
1.624166667E1,-5.143360008E-1,1.118599754E-2,6.951781737E-1,-0.000000000E0
1.625000000E1,-5.027496979E-1,1.118599754E-2,1.158630289E0,-0.000000000E0
1.625833333E1,-4.950254959E-1,1.118599754E-2,9.269042316E-1,-0.000000000E0
1.626666667E1,-4.873012940E-1,1.118599754E-2,6.951781737E-1,-0.000000000E0
1.627500000E1,-4.834391930E-1,1.118599754E-2,6.951781737E-1,-0.000000000E0
1.628333333E1,-4.757149911E-1,1.118599754E-2,1.158630289E0,-0.000000000E0
1.629166667E1,-4.641286882E-1,1.118599754E-2,1.158630289E0,-0.000000000E0
1.630000000E1,-4.564044863E-1,1.118599754E-2,1.158630289E0,-0.000000000E0
1.630833333E1,-4.448181834E-1,1.118599754E-2,1.622082405E0,-2.317260579E-1
1.631666667E1,-4.293697795E-1,7.323896574E-3,1.622082405E0,-2.317260579E-1
1.632500000E1,-4.177834766E-1,7.323896574E-3,1.158630289E0,-0.000000000E0
1.633333333E1,-4.100592747E-1,7.323896574E-3,1.158630289E0,-0.000000000E0
1.634166667E1,-3.984729718E-1,7.323896574E-3,2.085534521E0,-0.000000000E0
1.635000000E1,-3.753003660E-1,7.323896574E-3,2.317260579E0,-0.000000000E0
1.635833333E1,-3.598519622E-1,7.323896574E-3,1.390356347E0,-0.000000000E0
1.636666667E1,-3.521277602E-1,7.323896574E-3,1.158630289E0,-0.000000000E0
1.637500000E1,-3.405414573E-1,7.323896574E-3,1.158630289E0,-1.658861516E-14
1.638333333E1,-3.328172554E-1,7.323896574E-3,9.269042316E-1,-0.000000000E0
1.639166667E1,-3.250930535E-1,7.323896574E-3,6.951781737E-1,1.658861516E-14
1.640000000E1,-3.212309525E-1,7.323896574E-3,9.269042316E-1,-0.000000000E0
1.640833333E1,-3.096446496E-1,7.323896574E-3,5.097973274E1,4.634521158E-1
1.641666667E1,5.284312597E-1,1.504809850E-2,5.097973274E1,6.951781737E-1
1.642500000E1,5.400175626E-1,1.891019947E-2,4.634521158E-1,2.317260579E-1
1.643333333E1,5.361554617E-1,1.891019947E-2,-6.951781737E-1,-0.000000000E0
1.644166667E1,5.284312597E-1,1.891019947E-2,-6.951781737E-1,-2.317260579E-1
1.645000000E1,5.245691588E-1,1.504809850E-2,-4.634521158E-1,-4.634521158E-1
1.645833333E1,5.207070578E-1,1.118599754E-2,-6.951781737E-1,-2.317260579E-1
1.646666667E1,5.129828559E-1,1.118599754E-2,-6.951781737E-1,-0.000000000E0
1.647500000E1,5.091207549E-1,1.118599754E-2,-6.951781737E-1,-2.317260579E-1
1.648333333E1,5.013965530E-1,7.323896574E-3,-1.158630289E0,-2.317260579E-1
1.649166667E1,4.898102501E-1,7.323896574E-3,-9.269042316E-1,-0.000000000E0
1.650000000E1,4.859481491E-1,7.323896574E-3,-9.269042316E-1,-2.317260579E-1
1.650833333E1,4.743618462E-1,3.461795609E-3,-1.158630289E0,-4.634521158E-1
1.651666667E1,4.666376443E-1,-4.003053555E-4,-1.158630289E0,-2.317260579E-1
1.652500000E1,4.550513414E-1,-4.003053555E-4,-1.158630289E0,-0.000000000E0
1.653333333E1,4.473271395E-1,-4.003053555E-4,-1.158630289E0,-0.000000000E0
1.654166667E1,4.357408366E-1,-4.003053555E-4,-9.269042316E-1,-0.000000000E0
1.655000000E1,4.318787356E-1,-4.003053555E-4,-1.390356347E0,-0.000000000E0
1.655833333E1,4.125682308E-1,-4.003053555E-4,-1.622082405E0,-0.000000000E0
1.656666667E1,4.048440289E-1,-4.003053555E-4,-1.158630289E0,-0.000000000E0
1.657500000E1,3.932577260E-1,-4.003053555E-4,-1.622082405E0,4.634521158E-1
1.658333333E1,3.778093221E-1,7.323896574E-3,-2.085534521E0,4.634521158E-1
1.659166667E1,3.584988173E-1,7.323896574E-3,-5.144318485E1,-0.000000000E0
1.660000000E1,-4.795770921E-1,7.323896574E-3,-5.097973274E1,2.317260579E-1
1.660833333E1,-4.911633950E-1,1.118599754E-2,-1.158630289E0,2.317260579E-1
1.661666667E1,-4.988875969E-1,1.118599754E-2,-9.269042316E-1,-0.000000000E0
1.662500000E1,-5.066117988E-1,1.118599754E-2,-1.158630289E0,2.317260579E-1
1.663333333E1,-5.181981017E-1,1.504809850E-2,-9.269042316E-1,2.317260579E-1
1.664166667E1,-5.220602027E-1,1.504809850E-2,-2.317260579E-1,2.317260579E-1
1.665000000E1,-5.220602027E-1,1.891019947E-2,-2.317260579E-1,2.317260579E-1
1.665833333E1,-5.259223036E-1,1.891019947E-2,-4.634521158E-1,-0.000000000E0
1.666666667E1,-5.297844046E-1,1.891019947E-2,-6.951781737E-1,-0.000000000E0
1.667500000E1,-5.375086065E-1,1.891019947E-2,-4.634521158E-1,-0.000000000E0
1.668333333E1,-5.375086065E-1,1.891019947E-2,6.951781737E-1,-4.634521158E-1
1.669166667E1,-5.259223036E-1,1.118599754E-2,9.269042316E-1,-4.634521158E-1
1.670000000E1,-5.220602027E-1,1.118599754E-2,4.634521158E-1,-0.000000000E0
1.670833333E1,-5.181981017E-1,1.118599754E-2,9.269042316E-1,-0.000000000E0
1.671666667E1,-5.066117988E-1,1.118599754E-2,1.390356347E0,-0.000000000E0
1.672500000E1,-4.950254959E-1,1.118599754E-2,9.269042316E-1,-0.000000000E0
1.673333333E1,-4.911633950E-1,1.118599754E-2,6.951781737E-1,-0.000000000E0
1.674166667E1,-4.834391930E-1,1.118599754E-2,4.634521158E-1,-0.000000000E0
1.675000000E1,-4.834391930E-1,1.118599754E-2,2.317260579E-1,-0.000000000E0
1.675833333E1,-4.795770921E-1,1.118599754E-2,2.317260579E-1,-0.000000000E0
1.676666667E1,-4.795770921E-1,1.118599754E-2,2.317260579E-1,-0.000000000E0
1.677500000E1,-4.757149911E-1,1.118599754E-2,4.634521158E-1,-0.000000000E0
1.678333333E1,-4.718528901E-1,1.118599754E-2,1.158630289E0,-0.000000000E0
1.679166667E1,-4.564044863E-1,1.118599754E-2,1.853808463E0,-0.000000000E0
1.680000000E1,-4.409560824E-1,1.118599754E-2,2.085534521E0,-0.000000000E0
1.680833333E1,-4.216455776E-1,1.118599754E-2,1.622082405E0,-0.000000000E0
1.681666667E1,-4.139213757E-1,1.118599754E-2,9.269042316E-1,-0.000000000E0
1.682500000E1,-4.061971737E-1,1.118599754E-2,1.622082405E0,-4.634521158E-1
1.683333333E1,-3.868866689E-1,3.461795609E-3,5.213836302E1,2.317260579E-1
1.684166667E1,4.627755433E-1,1.504809850E-2,5.167491091E1,6.951781737E-1
1.685000000E1,4.743618462E-1,1.504809850E-2,1.158630289E0,-0.000000000E0
1.685833333E1,4.820860482E-1,1.504809850E-2,1.390356347E0,-0.000000000E0
1.686666667E1,4.975344520E-1,1.504809850E-2,1.158630289E0,2.317260579E-1
1.687500000E1,5.013965530E-1,1.891019947E-2,4.634521158E-1,2.317260579E-1
1.688333333E1,5.052586540E-1,1.891019947E-2,4.634521158E-1,-0.000000000E0
1.689166667E1,5.091207549E-1,1.891019947E-2,4.634521158E-1,4.634521158E-1
1.690000000E1,5.129828559E-1,2.663440140E-2,6.951781737E-1,4.634521158E-1
1.690833333E1,5.207070578E-1,2.663440140E-2,4.634521158E-1,-0.000000000E0
1.691666667E1,5.207070578E-1,2.663440140E-2,2.317260579E-1,-0.000000000E0
1.692500000E1,5.245691588E-1,2.663440140E-2,2.317260579E-1,-0.000000000E0
1.693333333E1,5.245691588E-1,2.663440140E-2,-2.317260579E-1,-4.634521158E-1
1.694166667E1,5.207070578E-1,1.891019947E-2,-4.634521158E-1,-4.634521158E-1
1.695000000E1,5.168449569E-1,1.891019947E-2,-6.951781737E-1,-2.317260579E-1
1.695833333E1,5.091207549E-1,1.504809850E-2,-6.951781737E-1,-4.634521158E-1
1.696666667E1,5.052586540E-1,1.118599754E-2,-4.634521158E-1,-2.317260579E-1
1.697500000E1,5.013965530E-1,1.118599754E-2,-4.634521158E-1,-0.000000000E0
1.698333333E1,4.975344520E-1,1.118599754E-2,-4.634521158E-1,-2.317260579E-1
1.699166667E1,4.936723511E-1,7.323896574E-3,-6.951781737E-1,-2.317260579E-1
1.700000000E1,4.859481491E-1,7.323896574E-3,-1.390356347E0,-1.658861516E-14
1.700833333E1,4.704997453E-1,7.323896574E-3,-1.622082405E0,-2.317260579E-1
1.701666667E1,4.589134424E-1,3.461795609E-3,-9.269042316E-1,-4.634521158E-1
1.702500000E1,4.550513414E-1,-4.003053555E-4,-9.269042316E-1,-2.317260579E-1
1.703333333E1,4.434650385E-1,-4.003053555E-4,-1.390356347E0,-0.000000000E0
1.704166667E1,4.318787356E-1,-4.003053555E-4,-9.269042316E-1,-0.000000000E0
1.705000000E1,4.280166347E-1,-4.003053555E-4,-9.269042316E-1,-0.000000000E0
1.705833333E1,4.164303318E-1,-4.003053555E-4,-1.853808463E0,-0.000000000E0
1.706666667E1,3.971198269E-1,-4.003053555E-4,-1.622082405E0,-0.000000000E0
1.707500000E1,3.893956250E-1,-4.003053555E-4,-1.158630289E0,2.317260579E-1
1.708333333E1,3.778093221E-1,3.461795609E-3,-1.390356347E0,2.317260579E-1
1.709166667E1,3.662230192E-1,3.461795609E-3,-9.269042316E-1,1.658861516E-14
1.710000000E1,3.623609183E-1,3.461795609E-3,-5.097973274E1,2.317260579E-1
1.710833333E1,-4.834391930E-1,7.323896574E-3,-5.097973274E1,2.317260579E-1
1.711666667E1,-4.873012940E-1,7.323896574E-3,-9.269042316E-1,-0.000000000E0
1.712500000E1,-4.988875969E-1,7.323896574E-3,-1.390356347E0,2.317260579E-1
1.713333333E1,-5.104738998E-1,1.118599754E-2,-1.158630289E0,2.317260579E-1
1.714166667E1,-5.181981017E-1,1.118599754E-2,-4.634521158E-1,-0.000000000E0
1.715000000E1,-5.181981017E-1,1.118599754E-2,-6.951781737E-1,-0.000000000E0
1.715833333E1,-5.297844046E-1,1.118599754E-2,-6.951781737E-1,-0.000000000E0
1.716666667E1,-5.297844046E-1,1.118599754E-2,-4.634521158E-1,2.317260579E-1
1.717500000E1,-5.375086065E-1,1.504809850E-2,-2.317260579E-1,2.317260579E-1
1.718333333E1,-5.336465056E-1,1.504809850E-2,6.951781737E-1,-2.317260579E-1
1.719166667E1,-5.259223036E-1,1.118599754E-2,1.158630289E0,-2.317260579E-1
1.720000000E1,-5.143360008E-1,1.118599754E-2,1.390356347E0,-0.000000000E0
1.720833333E1,-5.027496979E-1,1.118599754E-2,1.158630289E0,-0.000000000E0
1.721666667E1,-4.950254959E-1,1.118599754E-2,9.269042316E-1,-2.317260579E-1
1.722500000E1,-4.873012940E-1,7.323896574E-3,6.951781737E-1,-2.317260579E-1
1.723333333E1,-4.834391930E-1,7.323896574E-3,4.634521158E-1,-0.000000000E0
1.724166667E1,-4.795770921E-1,7.323896574E-3,2.317260579E-1,-0.000000000E0
1.725000000E1,-4.795770921E-1,7.323896574E-3,2.317260579E-1,-0.000000000E0
1.725833333E1,-4.757149911E-1,7.323896574E-3,6.951781737E-1,-0.000000000E0
1.726666667E1,-4.679907892E-1,7.323896574E-3,1.158630289E0,-0.000000000E0
1.727500000E1,-4.564044863E-1,7.323896574E-3,1.158630289E0,-0.000000000E0
1.728333333E1,-4.486802843E-1,7.323896574E-3,9.269042316E-1,-1.658861516E-14
1.729166667E1,-4.409560824E-1,7.323896574E-3,1.158630289E0,-1.658861516E-14
1.730000000E1,-4.293697795E-1,7.323896574E-3,1.158630289E0,1.658861516E-14
1.730833333E1,-4.216455776E-1,7.323896574E-3,1.158630289E0,1.658861516E-14
1.731666667E1,-4.100592747E-1,7.323896574E-3,1.158630289E0,-0.000000000E0
1.732500000E1,-4.023350728E-1,7.323896574E-3,1.158630289E0,-0.000000000E0
1.733333333E1,-3.907487699E-1,7.323896574E-3,1.622082405E0,-0.000000000E0
1.734166667E1,-3.753003660E-1,7.323896574E-3,5.167491091E1,-0.000000000E0
1.735000000E1,4.704997453E-1,7.323896574E-3,5.144318485E1,-0.000000000E0
1.735833333E1,4.820860482E-1,7.323896574E-3,4.634521158E-1,-1.658861516E-14
1.736666667E1,4.782239472E-1,7.323896574E-3,4.634521158E-1,2.317260579E-1
1.737500000E1,4.898102501E-1,1.118599754E-2,1.158630289E0,2.317260579E-1
1.738333333E1,4.975344520E-1,1.118599754E-2,4.634521158E-1,-0.000000000E0
1.739166667E1,4.975344520E-1,1.118599754E-2,4.634521158E-1,-0.000000000E0
1.740000000E1,5.052586540E-1,1.118599754E-2,9.269042316E-1,4.634521158E-1
1.740833333E1,5.129828559E-1,1.891019947E-2,6.951781737E-1,4.634521158E-1
1.741666667E1,5.168449569E-1,1.891019947E-2,4.634521158E-1,-0.000000000E0
1.742500000E1,5.207070578E-1,1.891019947E-2,0.000000000E0,-0.000000000E0
1.743333333E1,5.168449569E-1,1.891019947E-2,-6.951781737E-1,-0.000000000E0
1.744166667E1,5.091207549E-1,1.891019947E-2,-6.951781737E-1,-0.000000000E0
1.745000000E1,5.052586540E-1,1.891019947E-2,-6.951781737E-1,-4.634521158E-1
1.745833333E1,4.975344520E-1,1.118599754E-2,-6.951781737E-1,-4.634521158E-1
1.746666667E1,4.936723511E-1,1.118599754E-2,-4.634521158E-1,-0.000000000E0
1.747500000E1,4.898102501E-1,1.118599754E-2,-6.951781737E-1,-0.000000000E0
1.748333333E1,4.820860482E-1,1.118599754E-2,-6.951781737E-1,-4.634521158E-1
1.749166667E1,4.782239472E-1,3.461795609E-3,-4.634521158E-1,-0.000000000E0
1.750000000E1,4.743618462E-1,1.118599754E-2,-9.269042316E-1,6.951781737E-1
1.750833333E1,4.627755433E-1,1.504809850E-2,-9.269042316E-1,2.317260579E-1
1.751666667E1,4.589134424E-1,1.504809850E-2,-9.269042316E-1,-0.000000000E0
1.752500000E1,4.473271395E-1,1.504809850E-2,-1.390356347E0,-0.000000000E0
1.753333333E1,4.357408366E-1,1.504809850E-2,-1.390356347E0,-0.000000000E0
1.754166667E1,4.241545337E-1,1.504809850E-2,,